"cod_residenza","com_residenza","presidio","cod_presidio","com_presidio","parti"
51001,"Anghiari","AREA ARETINA NORD AREZZO","Arezzo",51002,15
51001,"Anghiari","OSPEDALE DEL VALDARNO - ""S.MARIA DELLA GRUCCIA""","Montevarchi",51026,1
51002,"Arezzo","AREA ARETINA NORD AREZZO","Arezzo",51002,557
51002,"Arezzo","COMPLESSO OSPEDALIERO CAREGGI - CTO (FI)","Firenze",48017,13
51002,"Arezzo","OSPEDALE DEL VALDARNO - ""S.MARIA DELLA GRUCCIA""","Montevarchi",51026,9
51002,"Arezzo","LE SCOTTE SIENA","Siena",52032,4
51002,"Arezzo","OSP. RIUNITI DELLA VAL DI CHIANA","Siena",52032,2
51002,"Arezzo","MISERICORDIA GROSSETO","Grosseto",53011,1
51002,"Arezzo","NUOVO OSPEDALE BORGO S.LORENZO (FI)","Firenze",48017,1
51002,"Arezzo","OSPEDALE DELL'ALTA VAL D'ELSA POGGIBONSI","Poggibonsi",52022,1
51002,"Arezzo","SS. GIACOMO E CRISTOFORO MASSA","Massa",45010,1
51004,"Bibbiena","AREA ARETINA NORD AREZZO","Arezzo",51002,59
51004,"Bibbiena","OSPEDALE DEL VALDARNO - ""S.MARIA DELLA GRUCCIA""","Montevarchi",51026,2
51004,"Bibbiena","SS. GIACOMO E CRISTOFORO MASSA","Massa",45010,1
51005,"Bucine","OSPEDALE DEL VALDARNO - ""S.MARIA DELLA GRUCCIA""","Montevarchi",51026,44
51005,"Bucine","COMPLESSO OSPEDALIERO CAREGGI - CTO (FI)","Firenze",48017,10
51005,"Bucine","AREA ARETINA NORD AREZZO","Arezzo",51002,9
51005,"Bucine","LE SCOTTE SIENA","Siena",52032,6
51006,"Capolona","AREA ARETINA NORD AREZZO","Arezzo",51002,37
51006,"Capolona","COMPLESSO OSPEDALIERO CAREGGI - CTO (FI)","Firenze",48017,2
51007,"Caprese Michelangelo","AREA ARETINA NORD AREZZO","Arezzo",51002,6
51008,"Castel Focognano","AREA ARETINA NORD AREZZO","Arezzo",51002,7
51008,"Castel Focognano","OSPEDALE DEL VALDARNO - ""S.MARIA DELLA GRUCCIA""","Montevarchi",51026,1
51010,"Castel San NiccolÃ²","AREA ARETINA NORD AREZZO","Arezzo",51002,11
51010,"Castel San NiccolÃ²","COMPLESSO OSPEDALIERO CAREGGI - CTO (FI)","Firenze",48017,1
51011,"Castiglion Fibocchi","AREA ARETINA NORD AREZZO","Arezzo",51002,13
51011,"Castiglion Fibocchi","OSP. RIUNITI DELLA VAL DI CHIANA","Siena",52032,1
51011,"Castiglion Fibocchi","OSPEDALE DEL VALDARNO - ""S.MARIA DELLA GRUCCIA""","Montevarchi",51026,1
51012,"Castiglion Fiorentino","AREA ARETINA NORD AREZZO","Arezzo",51002,64
51012,"Castiglion Fiorentino","OSP. RIUNITI DELLA VAL DI CHIANA","Siena",52032,4
51012,"Castiglion Fiorentino","COMPLESSO OSPEDALIERO CAREGGI - CTO (FI)","Firenze",48017,1
51012,"Castiglion Fiorentino","OSPEDALE DEL VALDARNO - ""S.MARIA DELLA GRUCCIA""","Montevarchi",51026,1
51013,"Cavriglia","OSPEDALE DEL VALDARNO - ""S.MARIA DELLA GRUCCIA""","Montevarchi",51026,43
51013,"Cavriglia","AREA ARETINA NORD AREZZO","Arezzo",51002,17
51013,"Cavriglia","COMPLESSO OSPEDALIERO CAREGGI - CTO (FI)","Firenze",48017,6
51013,"Cavriglia","S.M. ANNUNZIATA BAGNO A RIPOLI","Bagno a ripoli",48001,2
51013,"Cavriglia","SS. GIACOMO E CRISTOFORO MASSA","Massa",45010,1
51014,"Chitignano","AREA ARETINA NORD AREZZO","Arezzo",51002,3
51015,"Chiusi della Verna","AREA ARETINA NORD AREZZO","Arezzo",51002,7
51015,"Chiusi della Verna","COMPLESSO OSPEDALIERO CAREGGI - CTO (FI)","Firenze",48017,1
51015,"Chiusi della Verna","OSPEDALE DEL VALDARNO - ""S.MARIA DELLA GRUCCIA""","Montevarchi",51026,1
51015,"Chiusi della Verna","OSPEDALE DELL'ALTA VAL D'ELSA POGGIBONSI","Poggibonsi",52022,1
51016,"Civitella in Val di Chiana","AREA ARETINA NORD AREZZO","Arezzo",51002,40
51016,"Civitella in Val di Chiana","LE SCOTTE SIENA","Siena",52032,1
51016,"Civitella in Val di Chiana","OSPEDALE DEL VALDARNO - ""S.MARIA DELLA GRUCCIA""","Montevarchi",51026,1
51016,"Civitella in Val di Chiana","OSPEDALI PISANI (PI)","Pisa",50026,1
51017,"Cortona","AREA ARETINA NORD AREZZO","Arezzo",51002,77
51017,"Cortona","OSP. RIUNITI DELLA VAL DI CHIANA","Siena",52032,16
51017,"Cortona","LE SCOTTE SIENA","Siena",52032,6
51018,"Foiano della Chiana","AREA ARETINA NORD AREZZO","Arezzo",51002,29
51018,"Foiano della Chiana","OSP. RIUNITI DELLA VAL DI CHIANA","Siena",52032,11
51018,"Foiano della Chiana","LE SCOTTE SIENA","Siena",52032,2
51018,"Foiano della Chiana","OSPEDALE DELL'ALTA VAL D'ELSA POGGIBONSI","Poggibonsi",52022,1
51020,"Loro Ciuffenna","OSPEDALE DEL VALDARNO - ""S.MARIA DELLA GRUCCIA""","Montevarchi",51026,13
51020,"Loro Ciuffenna","COMPLESSO OSPEDALIERO CAREGGI - CTO (FI)","Firenze",48017,4
51020,"Loro Ciuffenna","AREA ARETINA NORD AREZZO","Arezzo",51002,2
51020,"Loro Ciuffenna","S.M. ANNUNZIATA BAGNO A RIPOLI","Bagno a ripoli",48001,1
51021,"Lucignano","AREA ARETINA NORD AREZZO","Arezzo",51002,8
51021,"Lucignano","OSP. RIUNITI DELLA VAL DI CHIANA","Siena",52032,5
51021,"Lucignano","LE SCOTTE SIENA","Siena",52032,2
51022,"Marciano della Chiana","AREA ARETINA NORD AREZZO","Arezzo",51002,21
51022,"Marciano della Chiana","COMPLESSO OSPEDALIERO CAREGGI - CTO (FI)","Firenze",48017,1
51022,"Marciano della Chiana","LE SCOTTE SIENA","Siena",52032,1
51022,"Marciano della Chiana","SS. GIACOMO E CRISTOFORO MASSA","Massa",45010,1
51023,"Montemignaio","AREA ARETINA NORD AREZZO","Arezzo",51002,1
51024,"Monterchi","AREA ARETINA NORD AREZZO","Arezzo",51002,6
51025,"Monte San Savino","AREA ARETINA NORD AREZZO","Arezzo",51002,54
51025,"Monte San Savino","OSP. RIUNITI DELLA VAL DI CHIANA","Siena",52032,2
51025,"Monte San Savino","COMPLESSO OSPEDALIERO CAREGGI - CTO (FI)","Firenze",48017,1
51025,"Monte San Savino","OSPEDALE DEL VALDARNO - ""S.MARIA DELLA GRUCCIA""","Montevarchi",51026,1
51026,"Montevarchi","OSPEDALE DEL VALDARNO - ""S.MARIA DELLA GRUCCIA""","Montevarchi",51026,114
51026,"Montevarchi","AREA ARETINA NORD AREZZO","Arezzo",51002,31
51026,"Montevarchi","COMPLESSO OSPEDALIERO CAREGGI - CTO (FI)","Firenze",48017,12
51026,"Montevarchi","LE SCOTTE SIENA","Siena",52032,2
51026,"Montevarchi","S.M. ANNUNZIATA BAGNO A RIPOLI","Bagno a ripoli",48001,2
51026,"Montevarchi","RIUNITI LIVORNO","Livorno",49009,1
51027,"Ortignano Raggiolo","AREA ARETINA NORD AREZZO","Arezzo",51002,2
51027,"Ortignano Raggiolo","LE SCOTTE SIENA","Siena",52032,1
51030,"Pieve Santo Stefano","AREA ARETINA NORD AREZZO","Arezzo",51002,8
51031,"Poppi","AREA ARETINA NORD AREZZO","Arezzo",51002,22
51031,"Poppi","COMPLESSO OSPEDALIERO CAREGGI - CTO (FI)","Firenze",48017,5
51031,"Poppi","S.M. ANNUNZIATA BAGNO A RIPOLI","Bagno a ripoli",48001,2
51031,"Poppi","OSPEDALE DEL VALDARNO - ""S.MARIA DELLA GRUCCIA""","Montevarchi",51026,1
51033,"San Giovanni Valdarno","OSPEDALE DEL VALDARNO - ""S.MARIA DELLA GRUCCIA""","Montevarchi",51026,59
51033,"San Giovanni Valdarno","COMPLESSO OSPEDALIERO CAREGGI - CTO (FI)","Firenze",48017,10
51033,"San Giovanni Valdarno","AREA ARETINA NORD AREZZO","Arezzo",51002,8
51033,"San Giovanni Valdarno","S.M. ANNUNZIATA BAGNO A RIPOLI","Bagno a ripoli",48001,4
51033,"San Giovanni Valdarno","S.GIOVANNI DI DIO-TORREGALLI (FI)","Firenze",48017,2
51034,"Sansepolcro","AREA ARETINA NORD AREZZO","Arezzo",51002,53
51034,"Sansepolcro","S.M. ANNUNZIATA BAGNO A RIPOLI","Bagno a ripoli",48001,2
51034,"Sansepolcro","LE SCOTTE SIENA","Siena",52032,1
51037,"Subbiano","AREA ARETINA NORD AREZZO","Arezzo",51002,36
51037,"Subbiano","COMPLESSO OSPEDALIERO CAREGGI - CTO (FI)","Firenze",48017,1
51038,"Talla","AREA ARETINA NORD AREZZO","Arezzo",51002,7
51039,"Terranuova Bracciolini","OSPEDALE DEL VALDARNO - ""S.MARIA DELLA GRUCCIA""","Montevarchi",51026,44
51039,"Terranuova Bracciolini","AREA ARETINA NORD AREZZO","Arezzo",51002,9
51039,"Terranuova Bracciolini","COMPLESSO OSPEDALIERO CAREGGI - CTO (FI)","Firenze",48017,9
51040,"Castelfranco PiandiscÃ²","OSPEDALE DEL VALDARNO - ""S.MARIA DELLA GRUCCIA""","Montevarchi",51026,40
51040,"Castelfranco PiandiscÃ²","COMPLESSO OSPEDALIERO CAREGGI - CTO (FI)","Firenze",48017,8
51040,"Castelfranco PiandiscÃ²","S.M. ANNUNZIATA BAGNO A RIPOLI","Bagno a ripoli",48001,6
51040,"Castelfranco PiandiscÃ²","AREA ARETINA NORD AREZZO","Arezzo",51002,5
51040,"Castelfranco PiandiscÃ²","S.GIOVANNI DI DIO-TORREGALLI (FI)","Firenze",48017,2
51041,"Pratovecchio Stia","AREA ARETINA NORD AREZZO","Arezzo",51002,15
51041,"Pratovecchio Stia","S.M. ANNUNZIATA BAGNO A RIPOLI","Bagno a ripoli",48001,2
51041,"Pratovecchio Stia","OSPEDALE DEL VALDARNO - ""S.MARIA DELLA GRUCCIA""","Montevarchi",51026,1
51042,"Laterina Pergine Valdarno","OSPEDALE DEL VALDARNO - ""S.MARIA DELLA GRUCCIA""","Montevarchi",51026,12
51042,"Laterina Pergine Valdarno","AREA ARETINA NORD AREZZO","Arezzo",51002,9
51042,"Laterina Pergine Valdarno","OSPEDALI PISANI (PI)","Pisa",50026,1
48001,"Bagno a Ripoli","S.M. ANNUNZIATA BAGNO A RIPOLI","Bagno a ripoli",48001,55
48001,"Bagno a Ripoli","COMPLESSO OSPEDALIERO CAREGGI - CTO (FI)","Firenze",48017,20
48001,"Bagno a Ripoli","S.GIOVANNI DI DIO-TORREGALLI (FI)","Firenze",48017,20
48001,"Bagno a Ripoli","NUOVO OSPEDALE BORGO S.LORENZO (FI)","Firenze",48017,2
48001,"Bagno a Ripoli","AREA ARETINA NORD AREZZO","Arezzo",51002,1
48001,"Bagno a Ripoli","OSPEDALE DEL VALDARNO - ""S.MARIA DELLA GRUCCIA""","Montevarchi",51026,1
48002,"Barberino di Mugello","NUOVO OSPEDALE BORGO S.LORENZO (FI)","Firenze",48017,54
48002,"Barberino di Mugello","COMPLESSO OSPEDALIERO CAREGGI - CTO (FI)","Firenze",48017,14
48002,"Barberino di Mugello","S.GIOVANNI DI DIO-TORREGALLI (FI)","Firenze",48017,3
48002,"Barberino di Mugello","S.M. ANNUNZIATA BAGNO A RIPOLI","Bagno a ripoli",48001,1
48004,"Borgo San Lorenzo","NUOVO OSPEDALE BORGO S.LORENZO (FI)","Firenze",48017,85
48004,"Borgo San Lorenzo","COMPLESSO OSPEDALIERO CAREGGI - CTO (FI)","Firenze",48017,7
48004,"Borgo San Lorenzo","S.GIOVANNI DI DIO-TORREGALLI (FI)","Firenze",48017,6
48004,"Borgo San Lorenzo","S.M. ANNUNZIATA BAGNO A RIPOLI","Bagno a ripoli",48001,3
48004,"Borgo San Lorenzo","OSPEDALE DEL VALDARNO - ""S.MARIA DELLA GRUCCIA""","Montevarchi",51026,1
48005,"Calenzano","COMPLESSO OSPEDALIERO CAREGGI - CTO (FI)","Firenze",48017,71
48005,"Calenzano","NUOVO OSPEDALE DI PRATO S.STEFANO","Prato",100005,16
48005,"Calenzano","S.GIOVANNI DI DIO-TORREGALLI (FI)","Firenze",48017,10
48005,"Calenzano","S.M. ANNUNZIATA BAGNO A RIPOLI","Bagno a ripoli",48001,3
48005,"Calenzano","CIVILE CECINA (LI)","Livorno",49009,1
48005,"Calenzano","NUOVO OSPEDALE BORGO S.LORENZO (FI)","Firenze",48017,1
48005,"Calenzano","OSPEDALE SAN JACOPO","Pistoia",47014,1
48006,"Campi Bisenzio","COMPLESSO OSPEDALIERO CAREGGI - CTO (FI)","Firenze",48017,158
48006,"Campi Bisenzio","NUOVO OSPEDALE DI PRATO S.STEFANO","Prato",100005,59
48006,"Campi Bisenzio","S.GIOVANNI DI DIO-TORREGALLI (FI)","Firenze",48017,59
48006,"Campi Bisenzio","S.M. ANNUNZIATA BAGNO A RIPOLI","Bagno a ripoli",48001,6
48006,"Campi Bisenzio","OSPEDALE DELL'ALTA VAL D'ELSA POGGIBONSI","Poggibonsi",52022,1
48006,"Campi Bisenzio","OSPEDALE S. GIUSEPPE","Empoli",48014,1
48006,"Campi Bisenzio","OSPEDALE SAN JACOPO","Pistoia",47014,1
48006,"Campi Bisenzio","SS. GIACOMO E CRISTOFORO MASSA","Massa",45010,1
48008,"Capraia e Limite","OSPEDALE S. GIUSEPPE","Empoli",48014,22
48008,"Capraia e Limite","S.GIOVANNI DI DIO-TORREGALLI (FI)","Firenze",48017,8
48008,"Capraia e Limite","COMPLESSO OSPEDALIERO CAREGGI - CTO (FI)","Firenze",48017,7
48008,"Capraia e Limite","NUOVO OSPEDALE DI PRATO S.STEFANO","Prato",100005,1
48010,"Castelfiorentino","OSPEDALE S. GIUSEPPE","Empoli",48014,54
48010,"Castelfiorentino","OSPEDALE DELL'ALTA VAL D'ELSA POGGIBONSI","Poggibonsi",52022,20
48010,"Castelfiorentino","COMPLESSO OSPEDALIERO CAREGGI - CTO (FI)","Firenze",48017,10
48010,"Castelfiorentino","S.GIOVANNI DI DIO-TORREGALLI (FI)","Firenze",48017,7
48010,"Castelfiorentino","LE SCOTTE SIENA","Siena",52032,6
48010,"Castelfiorentino","OSPEDALE SAN JACOPO","Pistoia",47014,2
48010,"Castelfiorentino","CIVILE CECINA (LI)","Livorno",49009,1
48010,"Castelfiorentino","F.LOTTI PONTEDERA (PI)","Pontedera",50029,1
48011,"Cerreto Guidi","OSPEDALE S. GIUSEPPE","Empoli",48014,50
48011,"Cerreto Guidi","COMPLESSO OSPEDALIERO CAREGGI - CTO (FI)","Firenze",48017,7
48011,"Cerreto Guidi","OSPEDALE DELL'ALTA VAL D'ELSA POGGIBONSI","Poggibonsi",52022,2
48011,"Cerreto Guidi","CIVILE CECINA (LI)","Livorno",49009,1
48011,"Cerreto Guidi","NUOVO OSPEDALE DI PRATO S.STEFANO","Prato",100005,1
48011,"Cerreto Guidi","OSPEDALE SAN JACOPO","Pistoia",47014,1
48011,"Cerreto Guidi","RIUNITI LIVORNO","Livorno",49009,1
48011,"Cerreto Guidi","S.GIOVANNI DI DIO-TORREGALLI (FI)","Firenze",48017,1
48012,"Certaldo","OSPEDALE DELL'ALTA VAL D'ELSA POGGIBONSI","Poggibonsi",52022,51
48012,"Certaldo","LE SCOTTE SIENA","Siena",52032,14
48012,"Certaldo","OSPEDALE S. GIUSEPPE","Empoli",48014,13
48012,"Certaldo","COMPLESSO OSPEDALIERO CAREGGI - CTO (FI)","Firenze",48017,2
48012,"Certaldo","OSPEDALI PISANI (PI)","Pisa",50026,2
48013,"Dicomano","NUOVO OSPEDALE BORGO S.LORENZO (FI)","Firenze",48017,17
48013,"Dicomano","COMPLESSO OSPEDALIERO CAREGGI - CTO (FI)","Firenze",48017,3
48013,"Dicomano","S.GIOVANNI DI DIO-TORREGALLI (FI)","Firenze",48017,2
48013,"Dicomano","S.M. ANNUNZIATA BAGNO A RIPOLI","Bagno a ripoli",48001,2
48014,"Empoli","OSPEDALE S. GIUSEPPE","Empoli",48014,211
48014,"Empoli","COMPLESSO OSPEDALIERO CAREGGI - CTO (FI)","Firenze",48017,41
48014,"Empoli","S.GIOVANNI DI DIO-TORREGALLI (FI)","Firenze",48017,23
48014,"Empoli","OSPEDALE DELL'ALTA VAL D'ELSA POGGIBONSI","Poggibonsi",52022,3
48014,"Empoli","OSPEDALE SAN JACOPO","Pistoia",47014,2
48014,"Empoli","S.M. ANNUNZIATA BAGNO A RIPOLI","Bagno a ripoli",48001,2
48014,"Empoli","F.LOTTI PONTEDERA (PI)","Pontedera",50029,1
48014,"Empoli","NUOVO OSPEDALE DI PRATO S.STEFANO","Prato",100005,1
48014,"Empoli","OSPEDALE UNICO ""VERSILIA""","Camaiore",46005,1
48014,"Empoli","SS. GIACOMO E CRISTOFORO MASSA","Massa",45010,1
48015,"Fiesole","COMPLESSO OSPEDALIERO CAREGGI - CTO (FI)","Firenze",48017,49
48015,"Fiesole","S.M. ANNUNZIATA BAGNO A RIPOLI","Bagno a ripoli",48001,11
48015,"Fiesole","S.GIOVANNI DI DIO-TORREGALLI (FI)","Firenze",48017,6
48015,"Fiesole","NUOVO OSPEDALE BORGO S.LORENZO (FI)","Firenze",48017,4
48015,"Fiesole","SAN ROSSORE","Pisa",50026,1
48017,"Firenze","COMPLESSO OSPEDALIERO CAREGGI - CTO (FI)","Firenze",48017,1315
48017,"Firenze","S.GIOVANNI DI DIO-TORREGALLI (FI)","Firenze",48017,565
48017,"Firenze","S.M. ANNUNZIATA BAGNO A RIPOLI","Bagno a ripoli",48001,245
48017,"Firenze","NUOVO OSPEDALE DI PRATO S.STEFANO","Prato",100005,17
48017,"Firenze","SS. GIACOMO E CRISTOFORO MASSA","Massa",45010,7
48017,"Firenze","OSPEDALE UNICO ""VERSILIA""","Camaiore",46005,6
48017,"Firenze","NUOVO OSPEDALE BORGO S.LORENZO (FI)","Firenze",48017,4
48017,"Firenze","OSPEDALE DEL VALDARNO - ""S.MARIA DELLA GRUCCIA""","Montevarchi",51026,4
48017,"Firenze","AREA ARETINA NORD AREZZO","Arezzo",51002,3
48017,"Firenze","OSPEDALE S. GIUSEPPE","Empoli",48014,3
48017,"Firenze","CIVILE CECINA (LI)","Livorno",49009,2
48017,"Firenze","CIVILE ELBANO PORTOFERRAIO (LI)","Portoferraio",49014,2
48017,"Firenze","MISERICORDIA GROSSETO","Grosseto",53011,2
48017,"Firenze","F.LOTTI PONTEDERA (PI)","Pontedera",50029,1
48017,"Firenze","OSPEDALE DELL'ALTA VAL D'ELSA POGGIBONSI","Poggibonsi",52022,1
48018,"Firenzuola","NUOVO OSPEDALE BORGO S.LORENZO (FI)","Firenze",48017,10
48018,"Firenzuola","COMPLESSO OSPEDALIERO CAREGGI - CTO (FI)","Firenze",48017,4
48018,"Firenzuola","S.GIOVANNI DI DIO-TORREGALLI (FI)","Firenze",48017,4
48018,"Firenzuola","SS. GIACOMO E CRISTOFORO MASSA","Massa",45010,1
48019,"Fucecchio","OSPEDALE S. GIUSEPPE","Empoli",48014,94
48019,"Fucecchio","COMPLESSO OSPEDALIERO CAREGGI - CTO (FI)","Firenze",48017,13
48019,"Fucecchio","S.GIOVANNI DI DIO-TORREGALLI (FI)","Firenze",48017,10
48019,"Fucecchio","OSPEDALE DELL'ALTA VAL D'ELSA POGGIBONSI","Poggibonsi",52022,5
48019,"Fucecchio","OSPEDALI PISANI (PI)","Pisa",50026,4
48019,"Fucecchio","F.LOTTI PONTEDERA (PI)","Pontedera",50029,2
48019,"Fucecchio","OSPEDALE SAN JACOPO","Pistoia",47014,2
48019,"Fucecchio","SS. GIACOMO E CRISTOFORO MASSA","Massa",45010,2
48019,"Fucecchio","NUOVO OSPEDALE DI PRATO S.STEFANO","Prato",100005,1
48019,"Fucecchio","OSPEDALE SAN LUCA","Lucca",46017,1
48019,"Fucecchio","OSPEDALE UNICO ""VERSILIA""","Camaiore",46005,1
48020,"Gambassi Terme","OSPEDALE DELL'ALTA VAL D'ELSA POGGIBONSI","Poggibonsi",52022,10
48020,"Gambassi Terme","OSPEDALE S. GIUSEPPE","Empoli",48014,8
48020,"Gambassi Terme","COMPLESSO OSPEDALIERO CAREGGI - CTO (FI)","Firenze",48017,6
48020,"Gambassi Terme","LE SCOTTE SIENA","Siena",52032,2
48020,"Gambassi Terme","S.GIOVANNI DI DIO-TORREGALLI (FI)","Firenze",48017,2
48020,"Gambassi Terme","OSPEDALI PISANI (PI)","Pisa",50026,1
48021,"Greve in Chianti","S.M. ANNUNZIATA BAGNO A RIPOLI","Bagno a ripoli",48001,39
48021,"Greve in Chianti","S.GIOVANNI DI DIO-TORREGALLI (FI)","Firenze",48017,11
48021,"Greve in Chianti","COMPLESSO OSPEDALIERO CAREGGI - CTO (FI)","Firenze",48017,8
48021,"Greve in Chianti","OSPEDALE DELL'ALTA VAL D'ELSA POGGIBONSI","Poggibonsi",52022,2
48021,"Greve in Chianti","OSPEDALE DEL VALDARNO - ""S.MARIA DELLA GRUCCIA""","Montevarchi",51026,1
48021,"Greve in Chianti","SS. GIACOMO E CRISTOFORO MASSA","Massa",45010,1
48022,"Impruneta","S.GIOVANNI DI DIO-TORREGALLI (FI)","Firenze",48017,32
48022,"Impruneta","COMPLESSO OSPEDALIERO CAREGGI - CTO (FI)","Firenze",48017,25
48022,"Impruneta","S.M. ANNUNZIATA BAGNO A RIPOLI","Bagno a ripoli",48001,25
48022,"Impruneta","MISERICORDIA GROSSETO","Grosseto",53011,1
48024,"Lastra a Signa","S.GIOVANNI DI DIO-TORREGALLI (FI)","Firenze",48017,80
48024,"Lastra a Signa","COMPLESSO OSPEDALIERO CAREGGI - CTO (FI)","Firenze",48017,39
48024,"Lastra a Signa","S.M. ANNUNZIATA BAGNO A RIPOLI","Bagno a ripoli",48001,5
48024,"Lastra a Signa","OSPEDALE S. GIUSEPPE","Empoli",48014,4
48024,"Lastra a Signa","NUOVO OSPEDALE DI PRATO S.STEFANO","Prato",100005,2
48024,"Lastra a Signa","OSPEDALE DELL'ALTA VAL D'ELSA POGGIBONSI","Poggibonsi",52022,1
48025,"Londa","NUOVO OSPEDALE BORGO S.LORENZO (FI)","Firenze",48017,7
48025,"Londa","COMPLESSO OSPEDALIERO CAREGGI - CTO (FI)","Firenze",48017,2
48025,"Londa","S.M. ANNUNZIATA BAGNO A RIPOLI","Bagno a ripoli",48001,2
48025,"Londa","OSPEDALE DELL'ALTA VAL D'ELSA POGGIBONSI","Poggibonsi",52022,1
48026,"Marradi","NUOVO OSPEDALE BORGO S.LORENZO (FI)","Firenze",48017,5
48027,"Montaione","OSPEDALE DELL'ALTA VAL D'ELSA POGGIBONSI","Poggibonsi",52022,10
48027,"Montaione","OSPEDALE S. GIUSEPPE","Empoli",48014,8
48027,"Montaione","COMPLESSO OSPEDALIERO CAREGGI - CTO (FI)","Firenze",48017,2
48027,"Montaione","F.LOTTI PONTEDERA (PI)","Pontedera",50029,1
48027,"Montaione","S.GIOVANNI DI DIO-TORREGALLI (FI)","Firenze",48017,1
48028,"Montelupo Fiorentino","OSPEDALE S. GIUSEPPE","Empoli",48014,53
48028,"Montelupo Fiorentino","COMPLESSO OSPEDALIERO CAREGGI - CTO (FI)","Firenze",48017,24
48028,"Montelupo Fiorentino","S.GIOVANNI DI DIO-TORREGALLI (FI)","Firenze",48017,15
48028,"Montelupo Fiorentino","OSPEDALE DELL'ALTA VAL D'ELSA POGGIBONSI","Poggibonsi",52022,2
48028,"Montelupo Fiorentino","F.LOTTI PONTEDERA (PI)","Pontedera",50029,1
48028,"Montelupo Fiorentino","S.M. ANNUNZIATA BAGNO A RIPOLI","Bagno a ripoli",48001,1
48030,"Montespertoli","S.GIOVANNI DI DIO-TORREGALLI (FI)","Firenze",48017,27
48030,"Montespertoli","OSPEDALE S. GIUSEPPE","Empoli",48014,24
48030,"Montespertoli","COMPLESSO OSPEDALIERO CAREGGI - CTO (FI)","Firenze",48017,17
48030,"Montespertoli","OSPEDALE DELL'ALTA VAL D'ELSA POGGIBONSI","Poggibonsi",52022,10
48030,"Montespertoli","OSPEDALE SAN JACOPO","Pistoia",47014,1
48030,"Montespertoli","S.M. ANNUNZIATA BAGNO A RIPOLI","Bagno a ripoli",48001,1
48031,"Palazzuolo sul Senio","NUOVO OSPEDALE BORGO S.LORENZO (FI)","Firenze",48017,2
48032,"Pelago","S.M. ANNUNZIATA BAGNO A RIPOLI","Bagno a ripoli",48001,28
48032,"Pelago","COMPLESSO OSPEDALIERO CAREGGI - CTO (FI)","Firenze",48017,12
48032,"Pelago","S.GIOVANNI DI DIO-TORREGALLI (FI)","Firenze",48017,3
48032,"Pelago","NUOVO OSPEDALE BORGO S.LORENZO (FI)","Firenze",48017,1
48033,"Pontassieve","S.M. ANNUNZIATA BAGNO A RIPOLI","Bagno a ripoli",48001,52
48033,"Pontassieve","COMPLESSO OSPEDALIERO CAREGGI - CTO (FI)","Firenze",48017,37
48033,"Pontassieve","S.GIOVANNI DI DIO-TORREGALLI (FI)","Firenze",48017,16
48033,"Pontassieve","NUOVO OSPEDALE BORGO S.LORENZO (FI)","Firenze",48017,4
48033,"Pontassieve","OSPEDALE UNICO ""VERSILIA""","Camaiore",46005,1
48033,"Pontassieve","SERRISTORI FIGLINE V.A. (FI)","Figline",48052,1
48035,"Reggello","S.M. ANNUNZIATA BAGNO A RIPOLI","Bagno a ripoli",48001,39
48035,"Reggello","COMPLESSO OSPEDALIERO CAREGGI - CTO (FI)","Firenze",48017,20
48035,"Reggello","OSPEDALE DEL VALDARNO - ""S.MARIA DELLA GRUCCIA""","Montevarchi",51026,18
48035,"Reggello","S.GIOVANNI DI DIO-TORREGALLI (FI)","Firenze",48017,6
48035,"Reggello","AREA ARETINA NORD AREZZO","Arezzo",51002,1
48035,"Reggello","NUOVO OSPEDALE BORGO S.LORENZO (FI)","Firenze",48017,1
48035,"Reggello","NUOVO OSPEDALE DI PRATO S.STEFANO","Prato",100005,1
48036,"Rignano sull'Arno","S.M. ANNUNZIATA BAGNO A RIPOLI","Bagno a ripoli",48001,23
48036,"Rignano sull'Arno","COMPLESSO OSPEDALIERO CAREGGI - CTO (FI)","Firenze",48017,10
48036,"Rignano sull'Arno","S.GIOVANNI DI DIO-TORREGALLI (FI)","Firenze",48017,6
48036,"Rignano sull'Arno","OSPEDALE DEL VALDARNO - ""S.MARIA DELLA GRUCCIA""","Montevarchi",51026,2
48036,"Rignano sull'Arno","F.LOTTI PONTEDERA (PI)","Pontedera",50029,1
48036,"Rignano sull'Arno","OSPEDALE S. GIUSEPPE","Empoli",48014,1
48037,"Rufina","COMPLESSO OSPEDALIERO CAREGGI - CTO (FI)","Firenze",48017,18
48037,"Rufina","S.M. ANNUNZIATA BAGNO A RIPOLI","Bagno a ripoli",48001,8
48037,"Rufina","NUOVO OSPEDALE BORGO S.LORENZO (FI)","Firenze",48017,7
48037,"Rufina","S.GIOVANNI DI DIO-TORREGALLI (FI)","Firenze",48017,1
48038,"San Casciano in Val di Pesa","S.GIOVANNI DI DIO-TORREGALLI (FI)","Firenze",48017,43
48038,"San Casciano in Val di Pesa","COMPLESSO OSPEDALIERO CAREGGI - CTO (FI)","Firenze",48017,25
48038,"San Casciano in Val di Pesa","S.M. ANNUNZIATA BAGNO A RIPOLI","Bagno a ripoli",48001,14
48038,"San Casciano in Val di Pesa","OSPEDALE DELL'ALTA VAL D'ELSA POGGIBONSI","Poggibonsi",52022,2
48038,"San Casciano in Val di Pesa","LE SCOTTE SIENA","Siena",52032,1
48038,"San Casciano in Val di Pesa","OSPEDALE UNICO ""VERSILIA""","Camaiore",46005,1
48039,"San Godenzo","NUOVO OSPEDALE BORGO S.LORENZO (FI)","Firenze",48017,1
48039,"San Godenzo","S.M. ANNUNZIATA BAGNO A RIPOLI","Bagno a ripoli",48001,1
48041,"Scandicci","S.GIOVANNI DI DIO-TORREGALLI (FI)","Firenze",48017,202
48041,"Scandicci","COMPLESSO OSPEDALIERO CAREGGI - CTO (FI)","Firenze",48017,63
48041,"Scandicci","S.M. ANNUNZIATA BAGNO A RIPOLI","Bagno a ripoli",48001,12
48041,"Scandicci","NUOVO OSPEDALE DI PRATO S.STEFANO","Prato",100005,4
48041,"Scandicci","CIVILE ELBANO PORTOFERRAIO (LI)","Portoferraio",49014,1
48041,"Scandicci","NUOVO OSPEDALE BORGO S.LORENZO (FI)","Firenze",48017,1
48041,"Scandicci","OSPEDALE S. GIUSEPPE","Empoli",48014,1
48041,"Scandicci","OSPEDALE SAN JACOPO","Pistoia",47014,1
48043,"Sesto Fiorentino","COMPLESSO OSPEDALIERO CAREGGI - CTO (FI)","Firenze",48017,257
48043,"Sesto Fiorentino","S.GIOVANNI DI DIO-TORREGALLI (FI)","Firenze",48017,33
48043,"Sesto Fiorentino","NUOVO OSPEDALE DI PRATO S.STEFANO","Prato",100005,9
48043,"Sesto Fiorentino","S.M. ANNUNZIATA BAGNO A RIPOLI","Bagno a ripoli",48001,8
48044,"Signa","COMPLESSO OSPEDALIERO CAREGGI - CTO (FI)","Firenze",48017,61
48044,"Signa","S.GIOVANNI DI DIO-TORREGALLI (FI)","Firenze",48017,42
48044,"Signa","NUOVO OSPEDALE DI PRATO S.STEFANO","Prato",100005,8
48044,"Signa","S.M. ANNUNZIATA BAGNO A RIPOLI","Bagno a ripoli",48001,2
48044,"Signa","OSPEDALE DEL VALDARNO - ""S.MARIA DELLA GRUCCIA""","Montevarchi",51026,1
48046,"Vaglia","COMPLESSO OSPEDALIERO CAREGGI - CTO (FI)","Firenze",48017,19
48046,"Vaglia","NUOVO OSPEDALE BORGO S.LORENZO (FI)","Firenze",48017,3
48046,"Vaglia","S.GIOVANNI DI DIO-TORREGALLI (FI)","Firenze",48017,2
48046,"Vaglia","NUOVO OSPEDALE DI PRATO S.STEFANO","Prato",100005,1
48046,"Vaglia","S.M. ANNUNZIATA BAGNO A RIPOLI","Bagno a ripoli",48001,1
48049,"Vicchio","NUOVO OSPEDALE BORGO S.LORENZO (FI)","Firenze",48017,36
48049,"Vicchio","COMPLESSO OSPEDALIERO CAREGGI - CTO (FI)","Firenze",48017,6
48049,"Vicchio","S.GIOVANNI DI DIO-TORREGALLI (FI)","Firenze",48017,5
48050,"Vinci","OSPEDALE S. GIUSEPPE","Empoli",48014,58
48050,"Vinci","COMPLESSO OSPEDALIERO CAREGGI - CTO (FI)","Firenze",48017,17
48050,"Vinci","S.M. ANNUNZIATA BAGNO A RIPOLI","Bagno a ripoli",48001,2
48050,"Vinci","NUOVO OSPEDALE DI PRATO S.STEFANO","Prato",100005,1
48050,"Vinci","OSPEDALE DELL'ALTA VAL D'ELSA POGGIBONSI","Poggibonsi",52022,1
48050,"Vinci","OSPEDALE SAN JACOPO","Pistoia",47014,1
48050,"Vinci","OSPEDALI PISANI (PI)","Pisa",50026,1
48050,"Vinci","S.GIOVANNI DI DIO-TORREGALLI (FI)","Firenze",48017,1
48052,"Figline e Incisa Valdarno","S.M. ANNUNZIATA BAGNO A RIPOLI","Bagno a ripoli",48001,55
48052,"Figline e Incisa Valdarno","OSPEDALE DEL VALDARNO - ""S.MARIA DELLA GRUCCIA""","Montevarchi",51026,40
48052,"Figline e Incisa Valdarno","COMPLESSO OSPEDALIERO CAREGGI - CTO (FI)","Firenze",48017,39
48052,"Figline e Incisa Valdarno","S.GIOVANNI DI DIO-TORREGALLI (FI)","Firenze",48017,14
48052,"Figline e Incisa Valdarno","AREA ARETINA NORD AREZZO","Arezzo",51002,2
48053,"Scarperia e San Piero","NUOVO OSPEDALE BORGO S.LORENZO (FI)","Firenze",48017,53
48053,"Scarperia e San Piero","COMPLESSO OSPEDALIERO CAREGGI - CTO (FI)","Firenze",48017,10
48053,"Scarperia e San Piero","S.GIOVANNI DI DIO-TORREGALLI (FI)","Firenze",48017,3
48054,"Barberino Tavarnelle","OSPEDALE DELL'ALTA VAL D'ELSA POGGIBONSI","Poggibonsi",52022,30
48054,"Barberino Tavarnelle","S.GIOVANNI DI DIO-TORREGALLI (FI)","Firenze",48017,21
48054,"Barberino Tavarnelle","COMPLESSO OSPEDALIERO CAREGGI - CTO (FI)","Firenze",48017,14
48054,"Barberino Tavarnelle","S.M. ANNUNZIATA BAGNO A RIPOLI","Bagno a ripoli",48001,6
48054,"Barberino Tavarnelle","LE SCOTTE SIENA","Siena",52032,3
48054,"Barberino Tavarnelle","OSPEDALE S. GIUSEPPE","Empoli",48014,1
48054,"Barberino Tavarnelle","OSPEDALE UNICO ""VERSILIA""","Camaiore",46005,1
53001,"Arcidosso","MISERICORDIA GROSSETO","Grosseto",53011,18
53001,"Arcidosso","OSP. RIUNITI DELLA VAL DI CHIANA","Siena",52032,3
53001,"Arcidosso","LE SCOTTE SIENA","Siena",52032,1
53002,"Campagnatico","MISERICORDIA GROSSETO","Grosseto",53011,9
53003,"Capalbio","MISERICORDIA GROSSETO","Grosseto",53011,8
53004,"Castel del Piano","MISERICORDIA GROSSETO","Grosseto",53011,16
53004,"Castel del Piano","OSP. RIUNITI DELLA VAL DI CHIANA","Siena",52032,3
53004,"Castel del Piano","COMPLESSO OSPEDALIERO CAREGGI - CTO (FI)","Firenze",48017,1
53005,"Castell'Azzara","MISERICORDIA GROSSETO","Grosseto",53011,3
53005,"Castell'Azzara","LE SCOTTE SIENA","Siena",52032,1
53006,"Castiglione della Pescaia","MISERICORDIA GROSSETO","Grosseto",53011,29
53006,"Castiglione della Pescaia","LE SCOTTE SIENA","Siena",52032,2
53006,"Castiglione della Pescaia","OSPEDALE DELL'ALTA VAL D'ELSA POGGIBONSI","Poggibonsi",52022,2
53006,"Castiglione della Pescaia","COMPLESSO OSPEDALIERO CAREGGI - CTO (FI)","Firenze",48017,1
53006,"Castiglione della Pescaia","S.GIOVANNI DI DIO-TORREGALLI (FI)","Firenze",48017,1
53007,"Cinigiano","MISERICORDIA GROSSETO","Grosseto",53011,16
53007,"Cinigiano","COMPLESSO OSPEDALIERO CAREGGI - CTO (FI)","Firenze",48017,1
53007,"Cinigiano","OSP. RIUNITI DELLA VAL DI CHIANA","Siena",52032,1
53008,"Civitella Paganico","MISERICORDIA GROSSETO","Grosseto",53011,13
53008,"Civitella Paganico","LE SCOTTE SIENA","Siena",52032,3
53008,"Civitella Paganico","OSPEDALE DELL'ALTA VAL D'ELSA POGGIBONSI","Poggibonsi",52022,2
53009,"Follonica","MISERICORDIA GROSSETO","Grosseto",53011,71
53009,"Follonica","CIVILE CECINA (LI)","Livorno",49009,27
53009,"Follonica","LE SCOTTE SIENA","Siena",52032,3
53009,"Follonica","AREA ARETINA NORD AREZZO","Arezzo",51002,1
53009,"Follonica","COMPLESSO OSPEDALIERO CAREGGI - CTO (FI)","Firenze",48017,1
53009,"Follonica","OSPEDALI PISANI (PI)","Pisa",50026,1
53009,"Follonica","SS. GIACOMO E CRISTOFORO MASSA","Massa",45010,1
53010,"Gavorrano","MISERICORDIA GROSSETO","Grosseto",53011,41
53010,"Gavorrano","CIVILE CECINA (LI)","Livorno",49009,8
53010,"Gavorrano","LE SCOTTE SIENA","Siena",52032,3
53011,"Grosseto","MISERICORDIA GROSSETO","Grosseto",53011,383
53011,"Grosseto","LE SCOTTE SIENA","Siena",52032,9
53011,"Grosseto","COMPLESSO OSPEDALIERO CAREGGI - CTO (FI)","Firenze",48017,6
53011,"Grosseto","OSPEDALE DELL'ALTA VAL D'ELSA POGGIBONSI","Poggibonsi",52022,3
53011,"Grosseto","NUOVO OSPEDALE BORGO S.LORENZO (FI)","Firenze",48017,1
53011,"Grosseto","NUOVO OSPEDALE DI PRATO S.STEFANO","Prato",100005,1
53011,"Grosseto","OSP. RIUNITI DELLA VAL DI CHIANA","Siena",52032,1
53011,"Grosseto","S.GIOVANNI DI DIO-TORREGALLI (FI)","Firenze",48017,1
53012,"Isola del Giglio","MISERICORDIA GROSSETO","Grosseto",53011,2
53013,"Magliano in Toscana","MISERICORDIA GROSSETO","Grosseto",53011,12
53014,"Manciano","MISERICORDIA GROSSETO","Grosseto",53011,24
53014,"Manciano","OSP. RIUNITI DELLA VAL DI CHIANA","Siena",52032,2
53014,"Manciano","LE SCOTTE SIENA","Siena",52032,1
53014,"Manciano","OSPEDALE S. GIUSEPPE","Empoli",48014,1
53015,"Massa Marittima","MISERICORDIA GROSSETO","Grosseto",53011,35
53015,"Massa Marittima","CIVILE CECINA (LI)","Livorno",49009,5
53015,"Massa Marittima","LE SCOTTE SIENA","Siena",52032,2
53016,"Monte Argentario","MISERICORDIA GROSSETO","Grosseto",53011,51
53016,"Monte Argentario","LE SCOTTE SIENA","Siena",52032,2
53016,"Monte Argentario","COMPLESSO OSPEDALIERO CAREGGI - CTO (FI)","Firenze",48017,1
53017,"Montieri","MISERICORDIA GROSSETO","Grosseto",53011,4
53017,"Montieri","OSPEDALE DELL'ALTA VAL D'ELSA POGGIBONSI","Poggibonsi",52022,1
53018,"Orbetello","MISERICORDIA GROSSETO","Grosseto",53011,65
53018,"Orbetello","LE SCOTTE SIENA","Siena",52032,3
53018,"Orbetello","AREA ARETINA NORD AREZZO","Arezzo",51002,1
53018,"Orbetello","OSPEDALE DELL'ALTA VAL D'ELSA POGGIBONSI","Poggibonsi",52022,1
53019,"Pitigliano","MISERICORDIA GROSSETO","Grosseto",53011,10
53019,"Pitigliano","OSP. RIUNITI DELLA VAL DI CHIANA","Siena",52032,2
53020,"Roccalbegna","MISERICORDIA GROSSETO","Grosseto",53011,3
53021,"Roccastrada","MISERICORDIA GROSSETO","Grosseto",53011,43
53021,"Roccastrada","LE SCOTTE SIENA","Siena",52032,2
53022,"Santa Fiora","MISERICORDIA GROSSETO","Grosseto",53011,3
53022,"Santa Fiora","COMPLESSO OSPEDALIERO CAREGGI - CTO (FI)","Firenze",48017,1
53022,"Santa Fiora","OSP. RIUNITI DELLA VAL DI CHIANA","Siena",52032,1
53023,"Scansano","MISERICORDIA GROSSETO","Grosseto",53011,12
53023,"Scansano","OSPEDALE DELL'ALTA VAL D'ELSA POGGIBONSI","Poggibonsi",52022,1
53024,"Scarlino","MISERICORDIA GROSSETO","Grosseto",53011,14
53024,"Scarlino","CIVILE CECINA (LI)","Livorno",49009,5
53024,"Scarlino","OSPEDALE SAN JACOPO","Pistoia",47014,1
53025,"Seggiano","OSP. RIUNITI DELLA VAL DI CHIANA","Siena",52032,1
53026,"Sorano","MISERICORDIA GROSSETO","Grosseto",53011,5
53026,"Sorano","LE SCOTTE SIENA","Siena",52032,1
53027,"Monterotondo Marittimo","MISERICORDIA GROSSETO","Grosseto",53011,9
53027,"Monterotondo Marittimo","CIVILE CECINA (LI)","Livorno",49009,1
53028,"Semproniano","MISERICORDIA GROSSETO","Grosseto",53011,4
49001,"Bibbona","CIVILE CECINA (LI)","Livorno",49009,21
49001,"Bibbona","F.LOTTI PONTEDERA (PI)","Pontedera",50029,1
49001,"Bibbona","OSPEDALE S. GIUSEPPE","Empoli",48014,1
49001,"Bibbona","OSPEDALI PISANI (PI)","Pisa",50026,1
49001,"Bibbona","RIUNITI LIVORNO","Livorno",49009,1
49002,"Campiglia Marittima","CIVILE CECINA (LI)","Livorno",49009,36
49002,"Campiglia Marittima","MISERICORDIA GROSSETO","Grosseto",53011,12
49002,"Campiglia Marittima","OSPEDALI PISANI (PI)","Pisa",50026,6
49002,"Campiglia Marittima","OSPEDALE UNICO ""VERSILIA""","Camaiore",46005,2
49002,"Campiglia Marittima","F.LOTTI PONTEDERA (PI)","Pontedera",50029,1
49002,"Campiglia Marittima","RIUNITI LIVORNO","Livorno",49009,1
49002,"Campiglia Marittima","S.GIOVANNI DI DIO-TORREGALLI (FI)","Firenze",48017,1
49002,"Campiglia Marittima","SAN ROSSORE","Pisa",50026,1
49003,"Campo nell'Elba","CIVILE ELBANO PORTOFERRAIO (LI)","Portoferraio",49014,18
49003,"Campo nell'Elba","OSPEDALI PISANI (PI)","Pisa",50026,1
49004,"Capoliveri","CIVILE ELBANO PORTOFERRAIO (LI)","Portoferraio",49014,15
49004,"Capoliveri","CIVILE CECINA (LI)","Livorno",49009,1
49004,"Capoliveri","OSPEDALI PISANI (PI)","Pisa",50026,1
49004,"Capoliveri","RIUNITI LIVORNO","Livorno",49009,1
49004,"Capoliveri","S.GIOVANNI DI DIO-TORREGALLI (FI)","Firenze",48017,1
49004,"Capoliveri","SS. GIACOMO E CRISTOFORO MASSA","Massa",45010,1
49005,"Capraia Isola","OSPEDALI PISANI (PI)","Pisa",50026,1
49006,"Castagneto Carducci","CIVILE CECINA (LI)","Livorno",49009,32
49006,"Castagneto Carducci","RIUNITI LIVORNO","Livorno",49009,2
49006,"Castagneto Carducci","OSPEDALI PISANI (PI)","Pisa",50026,1
49006,"Castagneto Carducci","S.GIOVANNI DI DIO-TORREGALLI (FI)","Firenze",48017,1
49007,"Cecina","CIVILE CECINA (LI)","Livorno",49009,131
49007,"Cecina","OSPEDALI PISANI (PI)","Pisa",50026,12
49007,"Cecina","COMPLESSO OSPEDALIERO CAREGGI - CTO (FI)","Firenze",48017,3
49007,"Cecina","OSPEDALE UNICO ""VERSILIA""","Camaiore",46005,2
49007,"Cecina","MISERICORDIA GROSSETO","Grosseto",53011,1
49007,"Cecina","RIUNITI LIVORNO","Livorno",49009,1
49007,"Cecina","SS. GIACOMO E CRISTOFORO MASSA","Massa",45010,1
49008,"Collesalvetti","RIUNITI LIVORNO","Livorno",49009,65
49008,"Collesalvetti","OSPEDALI PISANI (PI)","Pisa",50026,32
49008,"Collesalvetti","F.LOTTI PONTEDERA (PI)","Pontedera",50029,4
49008,"Collesalvetti","CIVILE CECINA (LI)","Livorno",49009,3
49008,"Collesalvetti","OSPEDALE UNICO ""VERSILIA""","Camaiore",46005,1
49009,"Livorno","RIUNITI LIVORNO","Livorno",49009,652
49009,"Livorno","OSPEDALI PISANI (PI)","Pisa",50026,92
49009,"Livorno","OSPEDALE UNICO ""VERSILIA""","Camaiore",46005,27
49009,"Livorno","COMPLESSO OSPEDALIERO CAREGGI - CTO (FI)","Firenze",48017,11
49009,"Livorno","CIVILE CECINA (LI)","Livorno",49009,10
49009,"Livorno","F.LOTTI PONTEDERA (PI)","Pontedera",50029,3
49009,"Livorno","OSPEDALE DELL'ALTA VAL D'ELSA POGGIBONSI","Poggibonsi",52022,2
49009,"Livorno","SS. GIACOMO E CRISTOFORO MASSA","Massa",45010,2
49009,"Livorno","AREA ARETINA NORD AREZZO","Arezzo",51002,1
49009,"Livorno","LE SCOTTE SIENA","Siena",52032,1
49009,"Livorno","MISERICORDIA GROSSETO","Grosseto",53011,1
49009,"Livorno","OSPEDALE SAN LUCA","Lucca",46017,1
49009,"Livorno","S.GIOVANNI DI DIO-TORREGALLI (FI)","Firenze",48017,1
49009,"Livorno","SAN ROSSORE","Pisa",50026,1
49010,"Marciana","CIVILE ELBANO PORTOFERRAIO (LI)","Portoferraio",49014,3
49010,"Marciana","RIUNITI LIVORNO","Livorno",49009,1
49011,"Marciana Marina","CIVILE ELBANO PORTOFERRAIO (LI)","Portoferraio",49014,2
49011,"Marciana Marina","CIVILE CECINA (LI)","Livorno",49009,1
49011,"Marciana Marina","OSPEDALE SAN JACOPO","Pistoia",47014,1
49012,"Piombino","CIVILE CECINA (LI)","Livorno",49009,92
49012,"Piombino","MISERICORDIA GROSSETO","Grosseto",53011,33
49012,"Piombino","OSPEDALI PISANI (PI)","Pisa",50026,14
49012,"Piombino","RIUNITI LIVORNO","Livorno",49009,5
49012,"Piombino","COMPLESSO OSPEDALIERO CAREGGI - CTO (FI)","Firenze",48017,2
49012,"Piombino","NUOVO OSPEDALE DI PRATO S.STEFANO","Prato",100005,2
49012,"Piombino","OSPEDALE DELL'ALTA VAL D'ELSA POGGIBONSI","Poggibonsi",52022,1
49012,"Piombino","OSPEDALE SAN LUCA","Lucca",46017,1
49013,"Porto Azzurro","CIVILE ELBANO PORTOFERRAIO (LI)","Portoferraio",49014,15
49013,"Porto Azzurro","OSPEDALI PISANI (PI)","Pisa",50026,2
49013,"Porto Azzurro","RIUNITI LIVORNO","Livorno",49009,1
49014,"Portoferraio","CIVILE ELBANO PORTOFERRAIO (LI)","Portoferraio",49014,55
49014,"Portoferraio","COMPLESSO OSPEDALIERO CAREGGI - CTO (FI)","Firenze",48017,3
49014,"Portoferraio","MISERICORDIA GROSSETO","Grosseto",53011,2
49014,"Portoferraio","OSPEDALI PISANI (PI)","Pisa",50026,2
49014,"Portoferraio","SS. GIACOMO E CRISTOFORO MASSA","Massa",45010,2
49014,"Portoferraio","LE SCOTTE SIENA","Siena",52032,1
49014,"Portoferraio","NUOVO OSPEDALE DI PRATO S.STEFANO","Prato",100005,1
49014,"Portoferraio","S.GIOVANNI DI DIO-TORREGALLI (FI)","Firenze",48017,1
49017,"Rosignano Marittimo","CIVILE CECINA (LI)","Livorno",49009,105
49017,"Rosignano Marittimo","OSPEDALI PISANI (PI)","Pisa",50026,20
49017,"Rosignano Marittimo","RIUNITI LIVORNO","Livorno",49009,9
49017,"Rosignano Marittimo","COMPLESSO OSPEDALIERO CAREGGI - CTO (FI)","Firenze",48017,3
49017,"Rosignano Marittimo","OSPEDALE SAN JACOPO","Pistoia",47014,2
49017,"Rosignano Marittimo","OSPEDALE UNICO ""VERSILIA""","Camaiore",46005,2
49017,"Rosignano Marittimo","S.GIOVANNI DI DIO-TORREGALLI (FI)","Firenze",48017,1
49017,"Rosignano Marittimo","SS. GIACOMO E CRISTOFORO MASSA","Massa",45010,1
49018,"San Vincenzo","CIVILE CECINA (LI)","Livorno",49009,18
49018,"San Vincenzo","MISERICORDIA GROSSETO","Grosseto",53011,3
49018,"San Vincenzo","S.M. ANNUNZIATA BAGNO A RIPOLI","Bagno a ripoli",48001,1
49019,"Sassetta","CIVILE CECINA (LI)","Livorno",49009,1
49020,"Suvereto","CIVILE CECINA (LI)","Livorno",49009,5
49020,"Suvereto","MISERICORDIA GROSSETO","Grosseto",53011,5
49020,"Suvereto","COMPLESSO OSPEDALIERO CAREGGI - CTO (FI)","Firenze",48017,1
49020,"Suvereto","OSPEDALI PISANI (PI)","Pisa",50026,1
49021,"Rio","CIVILE ELBANO PORTOFERRAIO (LI)","Portoferraio",49014,5
49021,"Rio","COMPLESSO OSPEDALIERO CAREGGI - CTO (FI)","Firenze",48017,1
49021,"Rio","S.M. ANNUNZIATA BAGNO A RIPOLI","Bagno a ripoli",48001,1
46001,"Altopascio","OSPEDALE SAN LUCA","Lucca",46017,89
46001,"Altopascio","OSPEDALI PISANI (PI)","Pisa",50026,8
46001,"Altopascio","OSPEDALE SAN JACOPO","Pistoia",47014,4
46001,"Altopascio","OSPEDALE UNICO ""VERSILIA""","Camaiore",46005,3
46001,"Altopascio","SS. GIACOMO E CRISTOFORO MASSA","Massa",45010,3
46001,"Altopascio","NUOVO OSPEDALE DI PRATO S.STEFANO","Prato",100005,2
46001,"Altopascio","COMPLESSO OSPEDALIERO CAREGGI - CTO (FI)","Firenze",48017,1
46001,"Altopascio","F.LOTTI PONTEDERA (PI)","Pontedera",50029,1
46001,"Altopascio","LE SCOTTE SIENA","Siena",52032,1
46001,"Altopascio","OSPEDALE S. GIUSEPPE","Empoli",48014,1
46002,"Bagni di Lucca","S. FRANCESCO BARGA (LU)","Barga",46003,15
46002,"Bagni di Lucca","OSPEDALE SAN LUCA","Lucca",46017,7
46002,"Bagni di Lucca","OSPEDALI PISANI (PI)","Pisa",50026,3
46003,"Barga","S. FRANCESCO BARGA (LU)","Barga",46003,40
46003,"Barga","OSPEDALI PISANI (PI)","Pisa",50026,5
46003,"Barga","OSPEDALE SAN LUCA","Lucca",46017,2
46003,"Barga","COMPLESSO OSPEDALIERO CAREGGI - CTO (FI)","Firenze",48017,1
46004,"Borgo a Mozzano","S. FRANCESCO BARGA (LU)","Barga",46003,21
46004,"Borgo a Mozzano","OSPEDALE SAN LUCA","Lucca",46017,19
46004,"Borgo a Mozzano","OSPEDALE UNICO ""VERSILIA""","Camaiore",46005,2
46004,"Borgo a Mozzano","COMPLESSO OSPEDALIERO CAREGGI - CTO (FI)","Firenze",48017,1
46004,"Borgo a Mozzano","OSPEDALI PISANI (PI)","Pisa",50026,1
46005,"Camaiore","OSPEDALE UNICO ""VERSILIA""","Camaiore",46005,133
46005,"Camaiore","SS. GIACOMO E CRISTOFORO MASSA","Massa",45010,10
46005,"Camaiore","OSPEDALI PISANI (PI)","Pisa",50026,4
46005,"Camaiore","COMPLESSO OSPEDALIERO CAREGGI - CTO (FI)","Firenze",48017,2
46005,"Camaiore","OSPEDALE SAN JACOPO","Pistoia",47014,2
46005,"Camaiore","OSPEDALE SAN LUCA","Lucca",46017,1
46006,"Camporgiano","S. FRANCESCO BARGA (LU)","Barga",46003,4
46006,"Camporgiano","COMPLESSO OSPEDALIERO CAREGGI - CTO (FI)","Firenze",48017,1
46006,"Camporgiano","OSPEDALE SAN LUCA","Lucca",46017,1
46007,"Capannori","OSPEDALE SAN LUCA","Lucca",46017,204
46007,"Capannori","OSPEDALI PISANI (PI)","Pisa",50026,27
46007,"Capannori","OSPEDALE UNICO ""VERSILIA""","Camaiore",46005,7
46007,"Capannori","S. FRANCESCO BARGA (LU)","Barga",46003,6
46007,"Capannori","SS. GIACOMO E CRISTOFORO MASSA","Massa",45010,4
46007,"Capannori","COMPLESSO OSPEDALIERO CAREGGI - CTO (FI)","Firenze",48017,3
46007,"Capannori","F.LOTTI PONTEDERA (PI)","Pontedera",50029,2
46007,"Capannori","OSPEDALE SAN JACOPO","Pistoia",47014,1
46007,"Capannori","S.M. ANNUNZIATA BAGNO A RIPOLI","Bagno a ripoli",48001,1
46008,"Careggine","S. FRANCESCO BARGA (LU)","Barga",46003,1
46009,"Castelnuovo di Garfagnana","S. FRANCESCO BARGA (LU)","Barga",46003,20
46009,"Castelnuovo di Garfagnana","OSPEDALI PISANI (PI)","Pisa",50026,5
46009,"Castelnuovo di Garfagnana","OSPEDALE SAN JACOPO","Pistoia",47014,1
46009,"Castelnuovo di Garfagnana","OSPEDALE UNICO ""VERSILIA""","Camaiore",46005,1
46009,"Castelnuovo di Garfagnana","SS. GIACOMO E CRISTOFORO MASSA","Massa",45010,1
46010,"Castiglione di Garfagnana","S. FRANCESCO BARGA (LU)","Barga",46003,10
46010,"Castiglione di Garfagnana","OSPEDALE SAN JACOPO","Pistoia",47014,1
46010,"Castiglione di Garfagnana","OSPEDALI PISANI (PI)","Pisa",50026,1
46011,"Coreglia Antelminelli","S. FRANCESCO BARGA (LU)","Barga",46003,27
46011,"Coreglia Antelminelli","OSPEDALI PISANI (PI)","Pisa",50026,5
46011,"Coreglia Antelminelli","OSPEDALE SAN LUCA","Lucca",46017,3
46011,"Coreglia Antelminelli","OSPEDALE SAN JACOPO","Pistoia",47014,1
46011,"Coreglia Antelminelli","SS. GIACOMO E CRISTOFORO MASSA","Massa",45010,1
46013,"Forte dei Marmi","OSPEDALE UNICO ""VERSILIA""","Camaiore",46005,16
46013,"Forte dei Marmi","SS. GIACOMO E CRISTOFORO MASSA","Massa",45010,4
46013,"Forte dei Marmi","OSPEDALI PISANI (PI)","Pisa",50026,2
46013,"Forte dei Marmi","NUOVO OSPEDALE DI PRATO S.STEFANO","Prato",100005,1
46014,"Fosciandora","OSPEDALE SAN LUCA","Lucca",46017,1
46014,"Fosciandora","S. FRANCESCO BARGA (LU)","Barga",46003,1
46015,"Gallicano","S. FRANCESCO BARGA (LU)","Barga",46003,12
46015,"Gallicano","OSPEDALI PISANI (PI)","Pisa",50026,3
46015,"Gallicano","OSPEDALE SAN LUCA","Lucca",46017,2
46015,"Gallicano","OSPEDALE UNICO ""VERSILIA""","Camaiore",46005,1
46015,"Gallicano","SS. GIACOMO E CRISTOFORO MASSA","Massa",45010,1
46017,"Lucca","OSPEDALE SAN LUCA","Lucca",46017,382
46017,"Lucca","OSPEDALI PISANI (PI)","Pisa",50026,74
46017,"Lucca","OSPEDALE UNICO ""VERSILIA""","Camaiore",46005,22
46017,"Lucca","COMPLESSO OSPEDALIERO CAREGGI - CTO (FI)","Firenze",48017,6
46017,"Lucca","S. FRANCESCO BARGA (LU)","Barga",46003,6
46017,"Lucca","SS. GIACOMO E CRISTOFORO MASSA","Massa",45010,5
46017,"Lucca","F.LOTTI PONTEDERA (PI)","Pontedera",50029,2
46017,"Lucca","NUOVO OSPEDALE DI PRATO S.STEFANO","Prato",100005,2
46017,"Lucca","RIUNITI LIVORNO","Livorno",49009,2
46017,"Lucca","CIVILE CECINA (LI)","Livorno",49009,1
46017,"Lucca","OSPEDALE SAN JACOPO","Pistoia",47014,1
46017,"Lucca","S.GIOVANNI DI DIO-TORREGALLI (FI)","Firenze",48017,1
46018,"Massarosa","OSPEDALE UNICO ""VERSILIA""","Camaiore",46005,86
46018,"Massarosa","OSPEDALI PISANI (PI)","Pisa",50026,8
46018,"Massarosa","SS. GIACOMO E CRISTOFORO MASSA","Massa",45010,4
46018,"Massarosa","OSPEDALE SAN LUCA","Lucca",46017,3
46019,"Minucciano","S. FRANCESCO BARGA (LU)","Barga",46003,4
46019,"Minucciano","OSPEDALE SAN LUCA","Lucca",46017,1
46019,"Minucciano","OSPEDALI PISANI (PI)","Pisa",50026,1
46020,"Molazzana","S. FRANCESCO BARGA (LU)","Barga",46003,4
46020,"Molazzana","COMPLESSO OSPEDALIERO CAREGGI - CTO (FI)","Firenze",48017,1
46021,"Montecarlo","OSPEDALE SAN LUCA","Lucca",46017,18
46021,"Montecarlo","OSPEDALE SAN JACOPO","Pistoia",47014,4
46021,"Montecarlo","F.LOTTI PONTEDERA (PI)","Pontedera",50029,1
46021,"Montecarlo","OSPEDALE UNICO ""VERSILIA""","Camaiore",46005,1
46021,"Montecarlo","OSPEDALI PISANI (PI)","Pisa",50026,1
46022,"Pescaglia","OSPEDALE SAN LUCA","Lucca",46017,8
46022,"Pescaglia","S. FRANCESCO BARGA (LU)","Barga",46003,4
46022,"Pescaglia","OSPEDALI PISANI (PI)","Pisa",50026,1
46022,"Pescaglia","SS. GIACOMO E CRISTOFORO MASSA","Massa",45010,1
46023,"Piazza al Serchio","S. FRANCESCO BARGA (LU)","Barga",46003,2
46023,"Piazza al Serchio","OSPEDALI PISANI (PI)","Pisa",50026,1
46023,"Piazza al Serchio","SS. GIACOMO E CRISTOFORO MASSA","Massa",45010,1
46024,"Pietrasanta","OSPEDALE UNICO ""VERSILIA""","Camaiore",46005,77
46024,"Pietrasanta","SS. GIACOMO E CRISTOFORO MASSA","Massa",45010,9
46024,"Pietrasanta","OSPEDALI PISANI (PI)","Pisa",50026,3
46024,"Pietrasanta","OSPEDALE S. GIUSEPPE","Empoli",48014,2
46024,"Pietrasanta","AREA ARETINA NORD AREZZO","Arezzo",51002,1
46024,"Pietrasanta","OSPEDALE SAN JACOPO","Pistoia",47014,1
46025,"Pieve Fosciana","S. FRANCESCO BARGA (LU)","Barga",46003,6
46025,"Pieve Fosciana","OSPEDALE SAN LUCA","Lucca",46017,4
46026,"Porcari","OSPEDALE SAN LUCA","Lucca",46017,42
46026,"Porcari","OSPEDALI PISANI (PI)","Pisa",50026,5
46026,"Porcari","OSPEDALE UNICO ""VERSILIA""","Camaiore",46005,1
46026,"Porcari","S. FRANCESCO BARGA (LU)","Barga",46003,1
46027,"San Romano in Garfagnana","S. FRANCESCO BARGA (LU)","Barga",46003,6
46027,"San Romano in Garfagnana","OSPEDALE SAN LUCA","Lucca",46017,1
46028,"Seravezza","OSPEDALE UNICO ""VERSILIA""","Camaiore",46005,46
46028,"Seravezza","SS. GIACOMO E CRISTOFORO MASSA","Massa",45010,6
46030,"Stazzema","OSPEDALE UNICO ""VERSILIA""","Camaiore",46005,13
46030,"Stazzema","SS. GIACOMO E CRISTOFORO MASSA","Massa",45010,2
46030,"Stazzema","S. FRANCESCO BARGA (LU)","Barga",46003,1
46031,"Vagli Sotto","S. FRANCESCO BARGA (LU)","Barga",46003,1
46033,"Viareggio","OSPEDALE UNICO ""VERSILIA""","Camaiore",46005,267
46033,"Viareggio","OSPEDALI PISANI (PI)","Pisa",50026,18
46033,"Viareggio","COMPLESSO OSPEDALIERO CAREGGI - CTO (FI)","Firenze",48017,3
46033,"Viareggio","F.LOTTI PONTEDERA (PI)","Pontedera",50029,2
46033,"Viareggio","OSPEDALE SAN JACOPO","Pistoia",47014,2
46033,"Viareggio","OSPEDALE SAN LUCA","Lucca",46017,1
46033,"Viareggio","SS. GIACOMO E CRISTOFORO MASSA","Massa",45010,1
46034,"Villa Basilica","OSPEDALE SAN LUCA","Lucca",46017,6
46035,"Villa Collemandina","S. FRANCESCO BARGA (LU)","Barga",46003,5
46035,"Villa Collemandina","OSPEDALI PISANI (PI)","Pisa",50026,1
46036,"Fabbriche di Vergemoli","S. FRANCESCO BARGA (LU)","Barga",46003,3
46036,"Fabbriche di Vergemoli","F.LOTTI PONTEDERA (PI)","Pontedera",50029,1
46036,"Fabbriche di Vergemoli","OSPEDALE SAN LUCA","Lucca",46017,1
46037,"Sillano Giuncugnano","OSPEDALI PISANI (PI)","Pisa",50026,2
46037,"Sillano Giuncugnano","S. FRANCESCO BARGA (LU)","Barga",46003,1
45001,"Aulla","SS. GIACOMO E CRISTOFORO MASSA","Massa",45010,52
45001,"Aulla","OSPEDALE UNICO ""VERSILIA""","Camaiore",46005,7
45002,"Bagnone","SS. GIACOMO E CRISTOFORO MASSA","Massa",45010,5
45003,"Carrara","SS. GIACOMO E CRISTOFORO MASSA","Massa",45010,237
45003,"Carrara","OSPEDALE UNICO ""VERSILIA""","Camaiore",46005,24
45003,"Carrara","OSPEDALI PISANI (PI)","Pisa",50026,8
45003,"Carrara","COMPLESSO OSPEDALIERO CAREGGI - CTO (FI)","Firenze",48017,4
45004,"Casola in Lunigiana","SS. GIACOMO E CRISTOFORO MASSA","Massa",45010,2
45004,"Casola in Lunigiana","COMPLESSO OSPEDALIERO CAREGGI - CTO (FI)","Firenze",48017,1
45005,"Comano","SS. GIACOMO E CRISTOFORO MASSA","Massa",45010,4
45006,"Filattiera","SS. GIACOMO E CRISTOFORO MASSA","Massa",45010,7
45006,"Filattiera","OSPEDALE UNICO ""VERSILIA""","Camaiore",46005,3
45007,"Fivizzano","SS. GIACOMO E CRISTOFORO MASSA","Massa",45010,16
45007,"Fivizzano","OSPEDALE UNICO ""VERSILIA""","Camaiore",46005,5
45007,"Fivizzano","OSPEDALE SAN LUCA","Lucca",46017,1
45007,"Fivizzano","S.GIOVANNI DI DIO-TORREGALLI (FI)","Firenze",48017,1
45008,"Fosdinovo","SS. GIACOMO E CRISTOFORO MASSA","Massa",45010,23
45008,"Fosdinovo","OSPEDALE UNICO ""VERSILIA""","Camaiore",46005,2
45008,"Fosdinovo","OSPEDALI PISANI (PI)","Pisa",50026,2
45009,"Licciana Nardi","SS. GIACOMO E CRISTOFORO MASSA","Massa",45010,14
45009,"Licciana Nardi","OSPEDALE UNICO ""VERSILIA""","Camaiore",46005,1
45009,"Licciana Nardi","OSPEDALI PISANI (PI)","Pisa",50026,1
45010,"Massa","SS. GIACOMO E CRISTOFORO MASSA","Massa",45010,287
45010,"Massa","OSPEDALE UNICO ""VERSILIA""","Camaiore",46005,21
45010,"Massa","OSPEDALI PISANI (PI)","Pisa",50026,11
45010,"Massa","NUOVO OSPEDALE DI PRATO S.STEFANO","Prato",100005,1
45010,"Massa","OSPEDALE SAN LUCA","Lucca",46017,1
45011,"Montignoso","SS. GIACOMO E CRISTOFORO MASSA","Massa",45010,38
45011,"Montignoso","OSPEDALE UNICO ""VERSILIA""","Camaiore",46005,3
45011,"Montignoso","OSPEDALI PISANI (PI)","Pisa",50026,1
45012,"Mulazzo","SS. GIACOMO E CRISTOFORO MASSA","Massa",45010,9
45012,"Mulazzo","OSPEDALE UNICO ""VERSILIA""","Camaiore",46005,4
45012,"Mulazzo","OSPEDALI PISANI (PI)","Pisa",50026,1
45013,"Podenzana","SS. GIACOMO E CRISTOFORO MASSA","Massa",45010,4
45013,"Podenzana","OSPEDALE UNICO ""VERSILIA""","Camaiore",46005,2
45014,"Pontremoli","SS. GIACOMO E CRISTOFORO MASSA","Massa",45010,19
45014,"Pontremoli","OSPEDALE UNICO ""VERSILIA""","Camaiore",46005,12
45015,"Tresana","SS. GIACOMO E CRISTOFORO MASSA","Massa",45010,3
45015,"Tresana","OSPEDALE UNICO ""VERSILIA""","Camaiore",46005,1
45016,"Villafranca in Lunigiana","SS. GIACOMO E CRISTOFORO MASSA","Massa",45010,20
45016,"Villafranca in Lunigiana","OSPEDALE UNICO ""VERSILIA""","Camaiore",46005,3
45017,"Zeri","SS. GIACOMO E CRISTOFORO MASSA","Massa",45010,4
45017,"Zeri","OSPEDALE UNICO ""VERSILIA""","Camaiore",46005,1
50001,"Bientina","F.LOTTI PONTEDERA (PI)","Pontedera",50029,37
50001,"Bientina","OSPEDALI PISANI (PI)","Pisa",50026,20
50001,"Bientina","OSPEDALE SAN LUCA","Lucca",46017,3
50001,"Bientina","OSPEDALE UNICO ""VERSILIA""","Camaiore",46005,2
50001,"Bientina","OSPEDALE SAN JACOPO","Pistoia",47014,1
50002,"Buti","F.LOTTI PONTEDERA (PI)","Pontedera",50029,21
50002,"Buti","OSPEDALI PISANI (PI)","Pisa",50026,7
50002,"Buti","RIUNITI LIVORNO","Livorno",49009,1
50003,"Calci","OSPEDALI PISANI (PI)","Pisa",50026,25
50003,"Calci","F.LOTTI PONTEDERA (PI)","Pontedera",50029,4
50004,"Calcinaia","F.LOTTI PONTEDERA (PI)","Pontedera",50029,41
50004,"Calcinaia","OSPEDALI PISANI (PI)","Pisa",50026,39
50004,"Calcinaia","COMPLESSO OSPEDALIERO CAREGGI - CTO (FI)","Firenze",48017,2
50004,"Calcinaia","OSPEDALE DELL'ALTA VAL D'ELSA POGGIBONSI","Poggibonsi",52022,1
50004,"Calcinaia","OSPEDALE S. GIUSEPPE","Empoli",48014,1
50004,"Calcinaia","SS. GIACOMO E CRISTOFORO MASSA","Massa",45010,1
50005,"Capannoli","F.LOTTI PONTEDERA (PI)","Pontedera",50029,29
50005,"Capannoli","OSPEDALI PISANI (PI)","Pisa",50026,7
50005,"Capannoli","SS. GIACOMO E CRISTOFORO MASSA","Massa",45010,2
50005,"Capannoli","OSPEDALE SAN LUCA","Lucca",46017,1
50005,"Capannoli","OSPEDALE UNICO ""VERSILIA""","Camaiore",46005,1
50006,"Casale Marittimo","CIVILE CECINA (LI)","Livorno",49009,5
50006,"Casale Marittimo","SS. GIACOMO E CRISTOFORO MASSA","Massa",45010,1
50008,"Cascina","OSPEDALI PISANI (PI)","Pisa",50026,222
50008,"Cascina","F.LOTTI PONTEDERA (PI)","Pontedera",50029,40
50008,"Cascina","AREA ARETINA NORD AREZZO","Arezzo",51002,1
50008,"Cascina","CIVILE CECINA (LI)","Livorno",49009,1
50008,"Cascina","COMPLESSO OSPEDALIERO CAREGGI - CTO (FI)","Firenze",48017,1
50008,"Cascina","OSPEDALE SAN LUCA","Lucca",46017,1
50008,"Cascina","OSPEDALE UNICO ""VERSILIA""","Camaiore",46005,1
50009,"Castelfranco di Sotto","OSPEDALE S. GIUSEPPE","Empoli",48014,53
50009,"Castelfranco di Sotto","OSPEDALI PISANI (PI)","Pisa",50026,14
50009,"Castelfranco di Sotto","F.LOTTI PONTEDERA (PI)","Pontedera",50029,13
50009,"Castelfranco di Sotto","OSPEDALE SAN LUCA","Lucca",46017,11
50009,"Castelfranco di Sotto","COMPLESSO OSPEDALIERO CAREGGI - CTO (FI)","Firenze",48017,3
50009,"Castelfranco di Sotto","OSPEDALE SAN JACOPO","Pistoia",47014,3
50009,"Castelfranco di Sotto","S.GIOVANNI DI DIO-TORREGALLI (FI)","Firenze",48017,2
50009,"Castelfranco di Sotto","NUOVO OSPEDALE DI PRATO S.STEFANO","Prato",100005,1
50009,"Castelfranco di Sotto","SS. GIACOMO E CRISTOFORO MASSA","Massa",45010,1
50010,"Castellina Marittima","CIVILE CECINA (LI)","Livorno",49009,10
50010,"Castellina Marittima","OSPEDALI PISANI (PI)","Pisa",50026,2
50010,"Castellina Marittima","SS. GIACOMO E CRISTOFORO MASSA","Massa",45010,1
50011,"Castelnuovo di Val di Cecina","CIVILE CECINA (LI)","Livorno",49009,7
50011,"Castelnuovo di Val di Cecina","LE SCOTTE SIENA","Siena",52032,1
50011,"Castelnuovo di Val di Cecina","MISERICORDIA GROSSETO","Grosseto",53011,1
50011,"Castelnuovo di Val di Cecina","OSPEDALI PISANI (PI)","Pisa",50026,1
50012,"Chianni","F.LOTTI PONTEDERA (PI)","Pontedera",50029,4
50012,"Chianni","OSPEDALI PISANI (PI)","Pisa",50026,2
50014,"Fauglia","OSPEDALI PISANI (PI)","Pisa",50026,15
50014,"Fauglia","RIUNITI LIVORNO","Livorno",49009,4
50014,"Fauglia","OSPEDALE UNICO ""VERSILIA""","Camaiore",46005,2
50014,"Fauglia","F.LOTTI PONTEDERA (PI)","Pontedera",50029,1
50015,"Guardistallo","CIVILE CECINA (LI)","Livorno",49009,2
50016,"Lajatico","F.LOTTI PONTEDERA (PI)","Pontedera",50029,2
50016,"Lajatico","CIVILE CECINA (LI)","Livorno",49009,1
50019,"Montecatini Val di Cecina","F.LOTTI PONTEDERA (PI)","Pontedera",50029,3
50019,"Montecatini Val di Cecina","CIVILE CECINA (LI)","Livorno",49009,2
50019,"Montecatini Val di Cecina","OSPEDALE DELL'ALTA VAL D'ELSA POGGIBONSI","Poggibonsi",52022,1
50019,"Montecatini Val di Cecina","OSPEDALI PISANI (PI)","Pisa",50026,1
50019,"Montecatini Val di Cecina","SS. GIACOMO E CRISTOFORO MASSA","Massa",45010,1
50020,"Montescudaio","CIVILE CECINA (LI)","Livorno",49009,12
50020,"Montescudaio","OSPEDALI PISANI (PI)","Pisa",50026,1
50021,"Monteverdi Marittimo","CIVILE CECINA (LI)","Livorno",49009,7
50021,"Monteverdi Marittimo","RIUNITI LIVORNO","Livorno",49009,1
50022,"Montopoli in Val d'Arno","OSPEDALE S. GIUSEPPE","Empoli",48014,49
50022,"Montopoli in Val d'Arno","F.LOTTI PONTEDERA (PI)","Pontedera",50029,14
50022,"Montopoli in Val d'Arno","OSPEDALI PISANI (PI)","Pisa",50026,12
50022,"Montopoli in Val d'Arno","OSPEDALE DELL'ALTA VAL D'ELSA POGGIBONSI","Poggibonsi",52022,4
50022,"Montopoli in Val d'Arno","S.GIOVANNI DI DIO-TORREGALLI (FI)","Firenze",48017,3
50022,"Montopoli in Val d'Arno","COMPLESSO OSPEDALIERO CAREGGI - CTO (FI)","Firenze",48017,1
50022,"Montopoli in Val d'Arno","OSPEDALE SAN JACOPO","Pistoia",47014,1
50023,"Orciano Pisano","RIUNITI LIVORNO","Livorno",49009,2
50023,"Orciano Pisano","OSPEDALI PISANI (PI)","Pisa",50026,1
50024,"Palaia","F.LOTTI PONTEDERA (PI)","Pontedera",50029,13
50024,"Palaia","OSPEDALI PISANI (PI)","Pisa",50026,4
50024,"Palaia","COMPLESSO OSPEDALIERO CAREGGI - CTO (FI)","Firenze",48017,2
50024,"Palaia","OSPEDALE S. GIUSEPPE","Empoli",48014,2
50025,"Peccioli","F.LOTTI PONTEDERA (PI)","Pontedera",50029,21
50025,"Peccioli","OSPEDALI PISANI (PI)","Pisa",50026,10
50025,"Peccioli","COMPLESSO OSPEDALIERO CAREGGI - CTO (FI)","Firenze",48017,2
50025,"Peccioli","SS. GIACOMO E CRISTOFORO MASSA","Massa",45010,1
50026,"Pisa","OSPEDALI PISANI (PI)","Pisa",50026,495
50026,"Pisa","F.LOTTI PONTEDERA (PI)","Pontedera",50029,17
50026,"Pisa","OSPEDALE UNICO ""VERSILIA""","Camaiore",46005,7
50026,"Pisa","COMPLESSO OSPEDALIERO CAREGGI - CTO (FI)","Firenze",48017,6
50026,"Pisa","SS. GIACOMO E CRISTOFORO MASSA","Massa",45010,6
50026,"Pisa","RIUNITI LIVORNO","Livorno",49009,5
50026,"Pisa","CIVILE ELBANO PORTOFERRAIO (LI)","Portoferraio",49014,1
50026,"Pisa","LE SCOTTE SIENA","Siena",52032,1
50026,"Pisa","OSPEDALE DELL'ALTA VAL D'ELSA POGGIBONSI","Poggibonsi",52022,1
50026,"Pisa","OSPEDALE SAN LUCA","Lucca",46017,1
50027,"Pomarance","CIVILE CECINA (LI)","Livorno",49009,13
50027,"Pomarance","F.LOTTI PONTEDERA (PI)","Pontedera",50029,2
50027,"Pomarance","MISERICORDIA GROSSETO","Grosseto",53011,2
50027,"Pomarance","OSPEDALE DELL'ALTA VAL D'ELSA POGGIBONSI","Poggibonsi",52022,2
50027,"Pomarance","OSPEDALI PISANI (PI)","Pisa",50026,1
50027,"Pomarance","RIUNITI LIVORNO","Livorno",49009,1
50028,"Ponsacco","F.LOTTI PONTEDERA (PI)","Pontedera",50029,79
50028,"Ponsacco","OSPEDALI PISANI (PI)","Pisa",50026,29
50028,"Ponsacco","OSPEDALE S. GIUSEPPE","Empoli",48014,1
50028,"Ponsacco","S. FRANCESCO BARGA (LU)","Barga",46003,1
50028,"Ponsacco","S.GIOVANNI DI DIO-TORREGALLI (FI)","Firenze",48017,1
50028,"Ponsacco","SS. GIACOMO E CRISTOFORO MASSA","Massa",45010,1
50029,"Pontedera","F.LOTTI PONTEDERA (PI)","Pontedera",50029,171
50029,"Pontedera","OSPEDALI PISANI (PI)","Pisa",50026,35
50029,"Pontedera","SS. GIACOMO E CRISTOFORO MASSA","Massa",45010,2
50029,"Pontedera","COMPLESSO OSPEDALIERO CAREGGI - CTO (FI)","Firenze",48017,1
50029,"Pontedera","OSPEDALE SAN JACOPO","Pistoia",47014,1
50029,"Pontedera","RIUNITI LIVORNO","Livorno",49009,1
50030,"Riparbella","CIVILE CECINA (LI)","Livorno",49009,9
50031,"San Giuliano Terme","OSPEDALI PISANI (PI)","Pisa",50026,158
50031,"San Giuliano Terme","F.LOTTI PONTEDERA (PI)","Pontedera",50029,13
50031,"San Giuliano Terme","OSPEDALE SAN LUCA","Lucca",46017,3
50031,"San Giuliano Terme","SS. GIACOMO E CRISTOFORO MASSA","Massa",45010,1
50032,"San Miniato","OSPEDALE S. GIUSEPPE","Empoli",48014,106
50032,"San Miniato","OSPEDALE DELL'ALTA VAL D'ELSA POGGIBONSI","Poggibonsi",52022,21
50032,"San Miniato","COMPLESSO OSPEDALIERO CAREGGI - CTO (FI)","Firenze",48017,15
50032,"San Miniato","OSPEDALI PISANI (PI)","Pisa",50026,15
50032,"San Miniato","F.LOTTI PONTEDERA (PI)","Pontedera",50029,10
50032,"San Miniato","S.GIOVANNI DI DIO-TORREGALLI (FI)","Firenze",48017,6
50032,"San Miniato","OSPEDALE SAN JACOPO","Pistoia",47014,4
50032,"San Miniato","LE SCOTTE SIENA","Siena",52032,2
50032,"San Miniato","SS. GIACOMO E CRISTOFORO MASSA","Massa",45010,2
50032,"San Miniato","OSPEDALE UNICO ""VERSILIA""","Camaiore",46005,1
50032,"San Miniato","SAN ROSSORE","Pisa",50026,1
50033,"Santa Croce sull'Arno","OSPEDALE S. GIUSEPPE","Empoli",48014,95
50033,"Santa Croce sull'Arno","F.LOTTI PONTEDERA (PI)","Pontedera",50029,7
50033,"Santa Croce sull'Arno","S.GIOVANNI DI DIO-TORREGALLI (FI)","Firenze",48017,6
50033,"Santa Croce sull'Arno","COMPLESSO OSPEDALIERO CAREGGI - CTO (FI)","Firenze",48017,5
50033,"Santa Croce sull'Arno","OSPEDALI PISANI (PI)","Pisa",50026,5
50033,"Santa Croce sull'Arno","OSPEDALE DELL'ALTA VAL D'ELSA POGGIBONSI","Poggibonsi",52022,3
50033,"Santa Croce sull'Arno","OSPEDALE UNICO ""VERSILIA""","Camaiore",46005,1
50033,"Santa Croce sull'Arno","S. FRANCESCO BARGA (LU)","Barga",46003,1
50034,"Santa Luce","OSPEDALI PISANI (PI)","Pisa",50026,3
50034,"Santa Luce","CIVILE CECINA (LI)","Livorno",49009,2
50034,"Santa Luce","F.LOTTI PONTEDERA (PI)","Pontedera",50029,1
50034,"Santa Luce","RIUNITI LIVORNO","Livorno",49009,1
50035,"Santa Maria a Monte","F.LOTTI PONTEDERA (PI)","Pontedera",50029,65
50035,"Santa Maria a Monte","OSPEDALI PISANI (PI)","Pisa",50026,22
50035,"Santa Maria a Monte","OSPEDALE S. GIUSEPPE","Empoli",48014,3
50035,"Santa Maria a Monte","COMPLESSO OSPEDALIERO CAREGGI - CTO (FI)","Firenze",48017,2
50035,"Santa Maria a Monte","S.GIOVANNI DI DIO-TORREGALLI (FI)","Firenze",48017,2
50035,"Santa Maria a Monte","OSPEDALE SAN JACOPO","Pistoia",47014,1
50035,"Santa Maria a Monte","OSPEDALE UNICO ""VERSILIA""","Camaiore",46005,1
50036,"Terricciola","F.LOTTI PONTEDERA (PI)","Pontedera",50029,10
50036,"Terricciola","OSPEDALI PISANI (PI)","Pisa",50026,10
50037,"Vecchiano","OSPEDALI PISANI (PI)","Pisa",50026,51
50037,"Vecchiano","OSPEDALE UNICO ""VERSILIA""","Camaiore",46005,5
50037,"Vecchiano","F.LOTTI PONTEDERA (PI)","Pontedera",50029,3
50037,"Vecchiano","COMPLESSO OSPEDALIERO CAREGGI - CTO (FI)","Firenze",48017,1
50037,"Vecchiano","SS. GIACOMO E CRISTOFORO MASSA","Massa",45010,1
50038,"Vicopisano","OSPEDALI PISANI (PI)","Pisa",50026,38
50038,"Vicopisano","F.LOTTI PONTEDERA (PI)","Pontedera",50029,15
50039,"Volterra","CIVILE CECINA (LI)","Livorno",49009,9
50039,"Volterra","F.LOTTI PONTEDERA (PI)","Pontedera",50029,9
50039,"Volterra","LE SCOTTE SIENA","Siena",52032,9
50039,"Volterra","OSPEDALE DELL'ALTA VAL D'ELSA POGGIBONSI","Poggibonsi",52022,7
50039,"Volterra","OSPEDALI PISANI (PI)","Pisa",50026,5
50040,"Casciana Terme Lari","F.LOTTI PONTEDERA (PI)","Pontedera",50029,41
50040,"Casciana Terme Lari","OSPEDALI PISANI (PI)","Pisa",50026,18
50040,"Casciana Terme Lari","RIUNITI LIVORNO","Livorno",49009,2
50040,"Casciana Terme Lari","COMPLESSO OSPEDALIERO CAREGGI - CTO (FI)","Firenze",48017,1
50040,"Casciana Terme Lari","OSPEDALE S. GIUSEPPE","Empoli",48014,1
50041,"Crespina Lorenzana","OSPEDALI PISANI (PI)","Pisa",50026,19
50041,"Crespina Lorenzana","F.LOTTI PONTEDERA (PI)","Pontedera",50029,12
100001,"Cantagallo","NUOVO OSPEDALE DI PRATO S.STEFANO","Prato",100005,11
100001,"Cantagallo","COMPLESSO OSPEDALIERO CAREGGI - CTO (FI)","Firenze",48017,1
100001,"Cantagallo","SS. GIACOMO E CRISTOFORO MASSA","Massa",45010,1
100002,"Carmignano","NUOVO OSPEDALE DI PRATO S.STEFANO","Prato",100005,64
100002,"Carmignano","COMPLESSO OSPEDALIERO CAREGGI - CTO (FI)","Firenze",48017,13
100002,"Carmignano","S.GIOVANNI DI DIO-TORREGALLI (FI)","Firenze",48017,3
100002,"Carmignano","OSPEDALE S. GIUSEPPE","Empoli",48014,1
100003,"Montemurlo","NUOVO OSPEDALE DI PRATO S.STEFANO","Prato",100005,104
100003,"Montemurlo","COMPLESSO OSPEDALIERO CAREGGI - CTO (FI)","Firenze",48017,7
100003,"Montemurlo","OSPEDALE SAN JACOPO","Pistoia",47014,1
100003,"Montemurlo","S.GIOVANNI DI DIO-TORREGALLI (FI)","Firenze",48017,1
100003,"Montemurlo","S.M. ANNUNZIATA BAGNO A RIPOLI","Bagno a ripoli",48001,1
100004,"Poggio a Caiano","NUOVO OSPEDALE DI PRATO S.STEFANO","Prato",100005,39
100004,"Poggio a Caiano","COMPLESSO OSPEDALIERO CAREGGI - CTO (FI)","Firenze",48017,13
100004,"Poggio a Caiano","S.GIOVANNI DI DIO-TORREGALLI (FI)","Firenze",48017,2
100004,"Poggio a Caiano","OSPEDALE SAN JACOPO","Pistoia",47014,1
100004,"Poggio a Caiano","OSPEDALE UNICO ""VERSILIA""","Camaiore",46005,1
100005,"Prato","NUOVO OSPEDALE DI PRATO S.STEFANO","Prato",100005,1002
100005,"Prato","COMPLESSO OSPEDALIERO CAREGGI - CTO (FI)","Firenze",48017,70
100005,"Prato","S.GIOVANNI DI DIO-TORREGALLI (FI)","Firenze",48017,13
100005,"Prato","OSPEDALE S. GIUSEPPE","Empoli",48014,4
100005,"Prato","OSPEDALE SAN JACOPO","Pistoia",47014,3
100005,"Prato","OSPEDALE UNICO ""VERSILIA""","Camaiore",46005,3
100005,"Prato","S.M. ANNUNZIATA BAGNO A RIPOLI","Bagno a ripoli",48001,3
100005,"Prato","SS. GIACOMO E CRISTOFORO MASSA","Massa",45010,3
100005,"Prato","NUOVO OSPEDALE BORGO S.LORENZO (FI)","Firenze",48017,1
100006,"Vaiano","NUOVO OSPEDALE DI PRATO S.STEFANO","Prato",100005,50
100006,"Vaiano","COMPLESSO OSPEDALIERO CAREGGI - CTO (FI)","Firenze",48017,4
100007,"Vernio","NUOVO OSPEDALE DI PRATO S.STEFANO","Prato",100005,36
100007,"Vernio","COMPLESSO OSPEDALIERO CAREGGI - CTO (FI)","Firenze",48017,1
47002,"Agliana","NUOVO OSPEDALE DI PRATO S.STEFANO","Prato",100005,74
47002,"Agliana","OSPEDALE SAN JACOPO","Pistoia",47014,42
47002,"Agliana","COMPLESSO OSPEDALIERO CAREGGI - CTO (FI)","Firenze",48017,6
47002,"Agliana","S.M. ANNUNZIATA BAGNO A RIPOLI","Bagno a ripoli",48001,2
47003,"Buggiano","OSPEDALE SAN JACOPO","Pistoia",47014,19
47003,"Buggiano","NUOVO OSPEDALE DI PRATO S.STEFANO","Prato",100005,7
47003,"Buggiano","OSPEDALE SAN LUCA","Lucca",46017,3
47003,"Buggiano","COMPLESSO OSPEDALIERO CAREGGI - CTO (FI)","Firenze",48017,2
47003,"Buggiano","S.GIOVANNI DI DIO-TORREGALLI (FI)","Firenze",48017,1
47003,"Buggiano","S.M. ANNUNZIATA BAGNO A RIPOLI","Bagno a ripoli",48001,1
47005,"Lamporecchio","OSPEDALE S. GIUSEPPE","Empoli",48014,17
47005,"Lamporecchio","OSPEDALE SAN JACOPO","Pistoia",47014,16
47005,"Lamporecchio","COMPLESSO OSPEDALIERO CAREGGI - CTO (FI)","Firenze",48017,4
47005,"Lamporecchio","NUOVO OSPEDALE DI PRATO S.STEFANO","Prato",100005,2
47005,"Lamporecchio","OSPEDALE DELL'ALTA VAL D'ELSA POGGIBONSI","Poggibonsi",52022,1
47006,"Larciano","OSPEDALE SAN JACOPO","Pistoia",47014,24
47006,"Larciano","OSPEDALE S. GIUSEPPE","Empoli",48014,7
47006,"Larciano","NUOVO OSPEDALE DI PRATO S.STEFANO","Prato",100005,2
47006,"Larciano","OSPEDALE UNICO ""VERSILIA""","Camaiore",46005,2
47006,"Larciano","COMPLESSO OSPEDALIERO CAREGGI - CTO (FI)","Firenze",48017,1
47006,"Larciano","LE SCOTTE SIENA","Siena",52032,1
47006,"Larciano","S.GIOVANNI DI DIO-TORREGALLI (FI)","Firenze",48017,1
47007,"Marliana","OSPEDALE SAN JACOPO","Pistoia",47014,9
47007,"Marliana","NUOVO OSPEDALE DI PRATO S.STEFANO","Prato",100005,1
47007,"Marliana","RIUNITI LIVORNO","Livorno",49009,1
47009,"Monsummano Terme","OSPEDALE SAN JACOPO","Pistoia",47014,96
47009,"Monsummano Terme","COMPLESSO OSPEDALIERO CAREGGI - CTO (FI)","Firenze",48017,10
47009,"Monsummano Terme","NUOVO OSPEDALE DI PRATO S.STEFANO","Prato",100005,8
47009,"Monsummano Terme","OSPEDALE S. GIUSEPPE","Empoli",48014,4
47009,"Monsummano Terme","OSPEDALE SAN LUCA","Lucca",46017,2
47009,"Monsummano Terme","SS. GIACOMO E CRISTOFORO MASSA","Massa",45010,1
47010,"Montale","NUOVO OSPEDALE DI PRATO S.STEFANO","Prato",100005,32
47010,"Montale","OSPEDALE SAN JACOPO","Pistoia",47014,21
47010,"Montale","COMPLESSO OSPEDALIERO CAREGGI - CTO (FI)","Firenze",48017,7
47011,"Montecatini-Terme","OSPEDALE SAN JACOPO","Pistoia",47014,84
47011,"Montecatini-Terme","NUOVO OSPEDALE DI PRATO S.STEFANO","Prato",100005,16
47011,"Montecatini-Terme","COMPLESSO OSPEDALIERO CAREGGI - CTO (FI)","Firenze",48017,15
47011,"Montecatini-Terme","OSPEDALE SAN LUCA","Lucca",46017,4
47011,"Montecatini-Terme","OSPEDALE S. GIUSEPPE","Empoli",48014,2
47011,"Montecatini-Terme","MISERICORDIA GROSSETO","Grosseto",53011,1
47011,"Montecatini-Terme","NUOVO OSPEDALE BORGO S.LORENZO (FI)","Firenze",48017,1
47011,"Montecatini-Terme","OSPEDALI PISANI (PI)","Pisa",50026,1
47011,"Montecatini-Terme","RIUNITI LIVORNO","Livorno",49009,1
47011,"Montecatini-Terme","S.M. ANNUNZIATA BAGNO A RIPOLI","Bagno a ripoli",48001,1
47012,"Pescia","OSPEDALE SAN JACOPO","Pistoia",47014,64
47012,"Pescia","OSPEDALE SAN LUCA","Lucca",46017,22
47012,"Pescia","NUOVO OSPEDALE DI PRATO S.STEFANO","Prato",100005,6
47012,"Pescia","COMPLESSO OSPEDALIERO CAREGGI - CTO (FI)","Firenze",48017,5
47012,"Pescia","OSPEDALI PISANI (PI)","Pisa",50026,3
47012,"Pescia","F.LOTTI PONTEDERA (PI)","Pontedera",50029,1
47012,"Pescia","OSPEDALE DELL'ALTA VAL D'ELSA POGGIBONSI","Poggibonsi",52022,1
47012,"Pescia","OSPEDALE S. GIUSEPPE","Empoli",48014,1
47012,"Pescia","OSPEDALE UNICO ""VERSILIA""","Camaiore",46005,1
47012,"Pescia","S.GIOVANNI DI DIO-TORREGALLI (FI)","Firenze",48017,1
47013,"Pieve a Nievole","OSPEDALE SAN JACOPO","Pistoia",47014,24
47013,"Pieve a Nievole","NUOVO OSPEDALE DI PRATO S.STEFANO","Prato",100005,7
47013,"Pieve a Nievole","OSPEDALE SAN LUCA","Lucca",46017,3
47013,"Pieve a Nievole","COMPLESSO OSPEDALIERO CAREGGI - CTO (FI)","Firenze",48017,2
47013,"Pieve a Nievole","S.GIOVANNI DI DIO-TORREGALLI (FI)","Firenze",48017,2
47014,"Pistoia","OSPEDALE SAN JACOPO","Pistoia",47014,355
47014,"Pistoia","NUOVO OSPEDALE DI PRATO S.STEFANO","Prato",100005,74
47014,"Pistoia","COMPLESSO OSPEDALIERO CAREGGI - CTO (FI)","Firenze",48017,23
47014,"Pistoia","S.GIOVANNI DI DIO-TORREGALLI (FI)","Firenze",48017,3
47014,"Pistoia","OSPEDALE SAN LUCA","Lucca",46017,2
47014,"Pistoia","OSPEDALI PISANI (PI)","Pisa",50026,2
47014,"Pistoia","S.M. ANNUNZIATA BAGNO A RIPOLI","Bagno a ripoli",48001,2
47014,"Pistoia","SS. GIACOMO E CRISTOFORO MASSA","Massa",45010,2
47014,"Pistoia","OSPEDALE UNICO ""VERSILIA""","Camaiore",46005,1
47016,"Ponte Buggianese","OSPEDALE SAN JACOPO","Pistoia",47014,44
47016,"Ponte Buggianese","OSPEDALE SAN LUCA","Lucca",46017,8
47016,"Ponte Buggianese","NUOVO OSPEDALE DI PRATO S.STEFANO","Prato",100005,6
47016,"Ponte Buggianese","COMPLESSO OSPEDALIERO CAREGGI - CTO (FI)","Firenze",48017,3
47016,"Ponte Buggianese","F.LOTTI PONTEDERA (PI)","Pontedera",50029,1
47016,"Ponte Buggianese","OSPEDALE UNICO ""VERSILIA""","Camaiore",46005,1
47016,"Ponte Buggianese","S.GIOVANNI DI DIO-TORREGALLI (FI)","Firenze",48017,1
47016,"Ponte Buggianese","S.M. ANNUNZIATA BAGNO A RIPOLI","Bagno a ripoli",48001,1
47016,"Ponte Buggianese","SS. GIACOMO E CRISTOFORO MASSA","Massa",45010,1
47017,"Quarrata","OSPEDALE SAN JACOPO","Pistoia",47014,77
47017,"Quarrata","NUOVO OSPEDALE DI PRATO S.STEFANO","Prato",100005,67
47017,"Quarrata","COMPLESSO OSPEDALIERO CAREGGI - CTO (FI)","Firenze",48017,15
47017,"Quarrata","S.GIOVANNI DI DIO-TORREGALLI (FI)","Firenze",48017,2
47017,"Quarrata","SS. GIACOMO E CRISTOFORO MASSA","Massa",45010,1
47018,"Sambuca Pistoiese","OSPEDALE SAN JACOPO","Pistoia",47014,2
47020,"Serravalle Pistoiese","OSPEDALE SAN JACOPO","Pistoia",47014,74
47020,"Serravalle Pistoiese","NUOVO OSPEDALE DI PRATO S.STEFANO","Prato",100005,19
47020,"Serravalle Pistoiese","COMPLESSO OSPEDALIERO CAREGGI - CTO (FI)","Firenze",48017,5
47020,"Serravalle Pistoiese","OSPEDALE S. GIUSEPPE","Empoli",48014,2
47021,"Uzzano","OSPEDALE SAN JACOPO","Pistoia",47014,22
47021,"Uzzano","COMPLESSO OSPEDALIERO CAREGGI - CTO (FI)","Firenze",48017,5
47021,"Uzzano","OSPEDALE SAN LUCA","Lucca",46017,5
47021,"Uzzano","NUOVO OSPEDALE DI PRATO S.STEFANO","Prato",100005,3
47021,"Uzzano","OSPEDALI PISANI (PI)","Pisa",50026,1
47021,"Uzzano","S.GIOVANNI DI DIO-TORREGALLI (FI)","Firenze",48017,1
47021,"Uzzano","SS. GIACOMO E CRISTOFORO MASSA","Massa",45010,1
47022,"Chiesina Uzzanese","OSPEDALE SAN JACOPO","Pistoia",47014,19
47022,"Chiesina Uzzanese","COMPLESSO OSPEDALIERO CAREGGI - CTO (FI)","Firenze",48017,4
47022,"Chiesina Uzzanese","NUOVO OSPEDALE DI PRATO S.STEFANO","Prato",100005,3
47022,"Chiesina Uzzanese","OSPEDALE SAN LUCA","Lucca",46017,3
47022,"Chiesina Uzzanese","OSPEDALE S. GIUSEPPE","Empoli",48014,1
47022,"Chiesina Uzzanese","OSPEDALI PISANI (PI)","Pisa",50026,1
47023,"Abetone Cutigliano","OSPEDALE SAN JACOPO","Pistoia",47014,2
47023,"Abetone Cutigliano","COMPLESSO OSPEDALIERO CAREGGI - CTO (FI)","Firenze",48017,1
47023,"Abetone Cutigliano","S. FRANCESCO BARGA (LU)","Barga",46003,1
47024,"San Marcello Piteglio","OSPEDALE SAN JACOPO","Pistoia",47014,19
47024,"San Marcello Piteglio","NUOVO OSPEDALE DI PRATO S.STEFANO","Prato",100005,5
47024,"San Marcello Piteglio","CIVILE CECINA (LI)","Livorno",49009,1
47024,"San Marcello Piteglio","S.GIOVANNI DI DIO-TORREGALLI (FI)","Firenze",48017,1
52001,"Abbadia San Salvatore","OSP. RIUNITI DELLA VAL DI CHIANA","Siena",52032,17
52001,"Abbadia San Salvatore","LE SCOTTE SIENA","Siena",52032,7
52001,"Abbadia San Salvatore","MISERICORDIA GROSSETO","Grosseto",53011,3
52001,"Abbadia San Salvatore","AREA ARETINA NORD AREZZO","Arezzo",51002,1
52001,"Abbadia San Salvatore","COMPLESSO OSPEDALIERO CAREGGI - CTO (FI)","Firenze",48017,1
52001,"Abbadia San Salvatore","S.GIOVANNI DI DIO-TORREGALLI (FI)","Firenze",48017,1
52002,"Asciano","LE SCOTTE SIENA","Siena",52032,34
52002,"Asciano","OSP. RIUNITI DELLA VAL DI CHIANA","Siena",52032,2
52002,"Asciano","OSPEDALE DEL VALDARNO - ""S.MARIA DELLA GRUCCIA""","Montevarchi",51026,1
52002,"Asciano","OSPEDALE DELL'ALTA VAL D'ELSA POGGIBONSI","Poggibonsi",52022,1
52003,"Buonconvento","LE SCOTTE SIENA","Siena",52032,17
52003,"Buonconvento","NUOVO OSPEDALE DI PRATO S.STEFANO","Prato",100005,1
52004,"Casole d'Elsa","OSPEDALE DELL'ALTA VAL D'ELSA POGGIBONSI","Poggibonsi",52022,13
52004,"Casole d'Elsa","LE SCOTTE SIENA","Siena",52032,7
52004,"Casole d'Elsa","COMPLESSO OSPEDALIERO CAREGGI - CTO (FI)","Firenze",48017,2
52005,"Castellina in Chianti","LE SCOTTE SIENA","Siena",52032,13
52005,"Castellina in Chianti","OSPEDALE DELL'ALTA VAL D'ELSA POGGIBONSI","Poggibonsi",52022,3
52006,"Castelnuovo Berardenga","LE SCOTTE SIENA","Siena",52032,43
52006,"Castelnuovo Berardenga","OSPEDALE DELL'ALTA VAL D'ELSA POGGIBONSI","Poggibonsi",52022,3
52006,"Castelnuovo Berardenga","S.M. ANNUNZIATA BAGNO A RIPOLI","Bagno a ripoli",48001,1
52007,"Castiglione d'Orcia","OSP. RIUNITI DELLA VAL DI CHIANA","Siena",52032,7
52007,"Castiglione d'Orcia","AREA ARETINA NORD AREZZO","Arezzo",51002,1
52007,"Castiglione d'Orcia","LE SCOTTE SIENA","Siena",52032,1
52008,"Cetona","OSP. RIUNITI DELLA VAL DI CHIANA","Siena",52032,6
52008,"Cetona","LE SCOTTE SIENA","Siena",52032,1
52009,"Chianciano Terme","OSP. RIUNITI DELLA VAL DI CHIANA","Siena",52032,25
52009,"Chianciano Terme","LE SCOTTE SIENA","Siena",52032,2
52009,"Chianciano Terme","AREA ARETINA NORD AREZZO","Arezzo",51002,1
52009,"Chianciano Terme","COMPLESSO OSPEDALIERO CAREGGI - CTO (FI)","Firenze",48017,1
52009,"Chianciano Terme","NUOVO OSPEDALE BORGO S.LORENZO (FI)","Firenze",48017,1
52009,"Chianciano Terme","S.GIOVANNI DI DIO-TORREGALLI (FI)","Firenze",48017,1
52010,"Chiusdino","LE SCOTTE SIENA","Siena",52032,8
52010,"Chiusdino","OSPEDALE DELL'ALTA VAL D'ELSA POGGIBONSI","Poggibonsi",52022,2
52011,"Chiusi","OSP. RIUNITI DELLA VAL DI CHIANA","Siena",52032,41
52011,"Chiusi","LE SCOTTE SIENA","Siena",52032,5
52011,"Chiusi","OSPEDALE SAN JACOPO","Pistoia",47014,2
52011,"Chiusi","AREA ARETINA NORD AREZZO","Arezzo",51002,1
52011,"Chiusi","COMPLESSO OSPEDALIERO CAREGGI - CTO (FI)","Firenze",48017,1
52011,"Chiusi","SS. GIACOMO E CRISTOFORO MASSA","Massa",45010,1
52012,"Colle di Val d'Elsa","OSPEDALE DELL'ALTA VAL D'ELSA POGGIBONSI","Poggibonsi",52022,115
52012,"Colle di Val d'Elsa","LE SCOTTE SIENA","Siena",52032,26
52012,"Colle di Val d'Elsa","AREA ARETINA NORD AREZZO","Arezzo",51002,1
52012,"Colle di Val d'Elsa","COMPLESSO OSPEDALIERO CAREGGI - CTO (FI)","Firenze",48017,1
52012,"Colle di Val d'Elsa","OSP. RIUNITI DELLA VAL DI CHIANA","Siena",52032,1
52012,"Colle di Val d'Elsa","OSPEDALE S. GIUSEPPE","Empoli",48014,1
52012,"Colle di Val d'Elsa","S.GIOVANNI DI DIO-TORREGALLI (FI)","Firenze",48017,1
52013,"Gaiole in Chianti","LE SCOTTE SIENA","Siena",52032,8
52013,"Gaiole in Chianti","OSPEDALE DEL VALDARNO - ""S.MARIA DELLA GRUCCIA""","Montevarchi",51026,2
52013,"Gaiole in Chianti","OSPEDALE DELL'ALTA VAL D'ELSA POGGIBONSI","Poggibonsi",52022,2
52013,"Gaiole in Chianti","S.GIOVANNI DI DIO-TORREGALLI (FI)","Firenze",48017,1
52015,"Montepulciano","OSP. RIUNITI DELLA VAL DI CHIANA","Siena",52032,56
52015,"Montepulciano","LE SCOTTE SIENA","Siena",52032,7
52015,"Montepulciano","AREA ARETINA NORD AREZZO","Arezzo",51002,4
52016,"Monteriggioni","LE SCOTTE SIENA","Siena",52032,52
52016,"Monteriggioni","OSPEDALE DELL'ALTA VAL D'ELSA POGGIBONSI","Poggibonsi",52022,11
52016,"Monteriggioni","COMPLESSO OSPEDALIERO CAREGGI - CTO (FI)","Firenze",48017,1
52016,"Monteriggioni","S.GIOVANNI DI DIO-TORREGALLI (FI)","Firenze",48017,1
52017,"Monteroni d'Arbia","LE SCOTTE SIENA","Siena",52032,61
52017,"Monteroni d'Arbia","OSPEDALE DELL'ALTA VAL D'ELSA POGGIBONSI","Poggibonsi",52022,2
52017,"Monteroni d'Arbia","COMPLESSO OSPEDALIERO CAREGGI - CTO (FI)","Firenze",48017,1
52017,"Monteroni d'Arbia","MISERICORDIA GROSSETO","Grosseto",53011,1
52017,"Monteroni d'Arbia","OSP. RIUNITI DELLA VAL DI CHIANA","Siena",52032,1
52018,"Monticiano","LE SCOTTE SIENA","Siena",52032,3
52018,"Monticiano","OSPEDALE DELL'ALTA VAL D'ELSA POGGIBONSI","Poggibonsi",52022,3
52019,"Murlo","LE SCOTTE SIENA","Siena",52032,18
52019,"Murlo","OSPEDALE DELL'ALTA VAL D'ELSA POGGIBONSI","Poggibonsi",52022,1
52020,"Piancastagnaio","OSP. RIUNITI DELLA VAL DI CHIANA","Siena",52032,18
52020,"Piancastagnaio","MISERICORDIA GROSSETO","Grosseto",53011,2
52020,"Piancastagnaio","LE SCOTTE SIENA","Siena",52032,1
52021,"Pienza","OSP. RIUNITI DELLA VAL DI CHIANA","Siena",52032,11
52021,"Pienza","LE SCOTTE SIENA","Siena",52032,1
52022,"Poggibonsi","OSPEDALE DELL'ALTA VAL D'ELSA POGGIBONSI","Poggibonsi",52022,133
52022,"Poggibonsi","LE SCOTTE SIENA","Siena",52032,22
52022,"Poggibonsi","COMPLESSO OSPEDALIERO CAREGGI - CTO (FI)","Firenze",48017,12
52022,"Poggibonsi","S.GIOVANNI DI DIO-TORREGALLI (FI)","Firenze",48017,3
52022,"Poggibonsi","OSP. RIUNITI DELLA VAL DI CHIANA","Siena",52032,2
52023,"Radda in Chianti","LE SCOTTE SIENA","Siena",52032,5
52023,"Radda in Chianti","COMPLESSO OSPEDALIERO CAREGGI - CTO (FI)","Firenze",48017,1
52023,"Radda in Chianti","MISERICORDIA GROSSETO","Grosseto",53011,1
52023,"Radda in Chianti","OSPEDALE DELL'ALTA VAL D'ELSA POGGIBONSI","Poggibonsi",52022,1
52023,"Radda in Chianti","S.M. ANNUNZIATA BAGNO A RIPOLI","Bagno a ripoli",48001,1
52024,"Radicofani","LE SCOTTE SIENA","Siena",52032,2
52024,"Radicofani","OSP. RIUNITI DELLA VAL DI CHIANA","Siena",52032,2
52025,"Radicondoli","OSPEDALE DELL'ALTA VAL D'ELSA POGGIBONSI","Poggibonsi",52022,4
52026,"Rapolano Terme","LE SCOTTE SIENA","Siena",52032,30
52026,"Rapolano Terme","OSP. RIUNITI DELLA VAL DI CHIANA","Siena",52032,5
52026,"Rapolano Terme","COMPLESSO OSPEDALIERO CAREGGI - CTO (FI)","Firenze",48017,1
52027,"San Casciano dei Bagni","OSP. RIUNITI DELLA VAL DI CHIANA","Siena",52032,3
52027,"San Casciano dei Bagni","AREA ARETINA NORD AREZZO","Arezzo",51002,2
52028,"San Gimignano","OSPEDALE DELL'ALTA VAL D'ELSA POGGIBONSI","Poggibonsi",52022,34
52028,"San Gimignano","LE SCOTTE SIENA","Siena",52032,3
52028,"San Gimignano","COMPLESSO OSPEDALIERO CAREGGI - CTO (FI)","Firenze",48017,2
52028,"San Gimignano","S.GIOVANNI DI DIO-TORREGALLI (FI)","Firenze",48017,2
52028,"San Gimignano","F.LOTTI PONTEDERA (PI)","Pontedera",50029,1
52028,"San Gimignano","NUOVO OSPEDALE DI PRATO S.STEFANO","Prato",100005,1
52028,"San Gimignano","OSPEDALI PISANI (PI)","Pisa",50026,1
52030,"San Quirico d'Orcia","OSP. RIUNITI DELLA VAL DI CHIANA","Siena",52032,13
52030,"San Quirico d'Orcia","LE SCOTTE SIENA","Siena",52032,9
52030,"San Quirico d'Orcia","AREA ARETINA NORD AREZZO","Arezzo",51002,1
52030,"San Quirico d'Orcia","MISERICORDIA GROSSETO","Grosseto",53011,1
52031,"Sarteano","OSP. RIUNITI DELLA VAL DI CHIANA","Siena",52032,13
52031,"Sarteano","LE SCOTTE SIENA","Siena",52032,3
52031,"Sarteano","AREA ARETINA NORD AREZZO","Arezzo",51002,2
52031,"Sarteano","COMPLESSO OSPEDALIERO CAREGGI - CTO (FI)","Firenze",48017,1
52032,"Siena","LE SCOTTE SIENA","Siena",52032,236
52032,"Siena","OSPEDALE DELL'ALTA VAL D'ELSA POGGIBONSI","Poggibonsi",52022,12
52032,"Siena","COMPLESSO OSPEDALIERO CAREGGI - CTO (FI)","Firenze",48017,3
52032,"Siena","S.GIOVANNI DI DIO-TORREGALLI (FI)","Firenze",48017,2
52032,"Siena","AREA ARETINA NORD AREZZO","Arezzo",51002,1
52032,"Siena","MISERICORDIA GROSSETO","Grosseto",53011,1
52033,"Sinalunga","OSP. RIUNITI DELLA VAL DI CHIANA","Siena",52032,45
52033,"Sinalunga","LE SCOTTE SIENA","Siena",52032,15
52033,"Sinalunga","AREA ARETINA NORD AREZZO","Arezzo",51002,6
52033,"Sinalunga","COMPLESSO OSPEDALIERO CAREGGI - CTO (FI)","Firenze",48017,1
52033,"Sinalunga","OSPEDALE DELL'ALTA VAL D'ELSA POGGIBONSI","Poggibonsi",52022,1
52033,"Sinalunga","SS. GIACOMO E CRISTOFORO MASSA","Massa",45010,1
52034,"Sovicille","LE SCOTTE SIENA","Siena",52032,71
52034,"Sovicille","OSPEDALE DELL'ALTA VAL D'ELSA POGGIBONSI","Poggibonsi",52022,4
52034,"Sovicille","CIVILE ELBANO PORTOFERRAIO (LI)","Portoferraio",49014,1
52034,"Sovicille","COMPLESSO OSPEDALIERO CAREGGI - CTO (FI)","Firenze",48017,1
52035,"Torrita di Siena","OSP. RIUNITI DELLA VAL DI CHIANA","Siena",52032,15
52035,"Torrita di Siena","AREA ARETINA NORD AREZZO","Arezzo",51002,4
52035,"Torrita di Siena","LE SCOTTE SIENA","Siena",52032,4
52035,"Torrita di Siena","COMPLESSO OSPEDALIERO CAREGGI - CTO (FI)","Firenze",48017,1
52036,"Trequanda","OSP. RIUNITI DELLA VAL DI CHIANA","Siena",52032,2
52036,"Trequanda","LE SCOTTE SIENA","Siena",52032,1
52037,"Montalcino","LE SCOTTE SIENA","Siena",52032,16
52037,"Montalcino","OSP. RIUNITI DELLA VAL DI CHIANA","Siena",52032,4
52037,"Montalcino","COMPLESSO OSPEDALIERO CAREGGI - CTO (FI)","Firenze",48017,1
52037,"Montalcino","MISERICORDIA GROSSETO","Grosseto",53011,1
48017,"Firenze","OSPEDALE SAN JACOPO","Pistoia",47014,1
48017,"Firenze","OSPEDALE SAN LUCA","Lucca",46017,1
48017,"Firenze","OSPEDALI PISANI (PI)","Pisa",50026,1
