Anno;Codice Regione;Descrizione Regione;Codice ASL territoriale;Codice Azienda;Denominazione Azienda;Codice struttura;Denominazione struttura;Tipo rapporto con il S.S.N.;Indirizzo;CAP;Codice Comune;Comune;Sigla provincia;Telefono;Sito web;cons_2019
"2019";"090";TOSCANA              ;"201";"201";AZIENDA USL TOSCANA CENTRO;"00062D";CONSULTORIO QUARRATA          ;Pubblico;"VIA MONTALBANO, 364           ";"51030";"047017";QUARRATA                                ;PT;"0573352029";WWW.USLCENTRO.TOSCANA.IT;1
"2019";"090";TOSCANA              ;"201";"201";AZIENDA USL TOSCANA CENTRO;"00072D";CONSULTORIO DI AGLIANA        ;Pubblico;"VIA E. CURIEL, 1              ";"51030";"047002";AGLIANA                                 ;PT;"0574228132";WWW.USLCENTRO.TOSCANA.IT;1
"2019";"090";TOSCANA              ;"201";"201";AZIENDA USL TOSCANA CENTRO;"00092D";CONSULTORIO SAN MARCELLO      ;Pubblico;VIA PACINI                    ;"51026";"047024";SAN MARCELLO PISTOIESE PITEGLIO;PT;"0573634000";WWW.USLCENTRO.TOSCANA.IT;1
"2019";"090";TOSCANA              ;"201";"201";AZIENDA USL TOSCANA CENTRO;"00902D";CENTRO DONNA                  ;Pubblico;PIAZZA SAN BARTOLOMEO N. 5    ;"51100";"047014";PISTOIA                                 ;PT;"057350241";WWW.USLCENTRO.TOSCANA.IT;3
"2019";"090";TOSCANA              ;"201";"201";AZIENDA USL TOSCANA CENTRO;"00962D";CONSULTORIO BOTTEGONE         ;Pubblico;VIA FIORENTINA 571            ;"51100";"047014";PISTOIA                                 ;PT;"0573946390";WWW.USLCENTRO.TOSCANA.IT;3
"2019";"090";TOSCANA              ;"201";"201";AZIENDA USL TOSCANA CENTRO;"00972D";CONSULTORIO FORNACI           ;Pubblico;VIA CAPITINI 7                ;"51100";"047014";PISTOIA                                 ;PT;"0573353309";WWW.USLCENTRO.TOSCANA.IT;3
"2019";"090";TOSCANA              ;"201";"201";AZIENDA USL TOSCANA CENTRO;"00982D";CONSULTORIO MONTALE           ;Pubblico;"VIA IV NOVEMBRE, 7            ";"51030";"047010";MONTALE                                 ;PT;"0573959362";WWW.USLCENTRO.TOSCANA.IT;1
"2019";"090";TOSCANA              ;"201";"201";AZIENDA USL TOSCANA CENTRO;"01102D";CONSULTORIO CASALGUIDI        ;Pubblico;PIAZZA SALVO D'ACQUISTO       ;"51034";"047020";SERRAVALLE PISTOIESE                    ;PT;"0573228182";WWW.USLCENTRO.TOSCANA.IT;1
"2019";"090";TOSCANA              ;"201";"201";AZIENDA USL TOSCANA CENTRO;"02002D";CONSULTORIO LAMPORECCHIO      ;Pubblico;"PIAZZA IV NOVEMBRE, 28        ";"51035";"047005";LAMPORECCHIO                            ;PT;"0572463428";WWW.USLCENTRO.TOSCANA.IT;1
"2019";"090";TOSCANA              ;"201";"201";AZIENDA USL TOSCANA CENTRO;"02062D";CONSULTORIO MONTECATINI CENTRO;Pubblico;"VIA SAN MARCO, 40             ";"51016";"047011";MONTECATINI-TERME                       ;PT;"0572460001";WWW.USLCENTRO.TOSCANA.IT;1
"2019";"090";TOSCANA              ;"201";"201";AZIENDA USL TOSCANA CENTRO;"02122D";CONSULTORIO PONTE BUGGIANESE  ;Pubblico;VIA LIBERTA'                  ;"51019";"047016";PONTE BUGGIANESE                        ;PT;"0572636330";WWW.USLCENTRO.TOSCANA.IT;1
"2019";"090";TOSCANA              ;"201";"201";AZIENDA USL TOSCANA CENTRO;"02192D";CONSULTORIO PESCIA            ;Pubblico;"VIA FIORENTINA ,13            ";"51017";"047012";PESCIA                                  ;PT;"0572494429";WWW.USLCENTRO.TOSCANA.IT;1
"2019";"090";TOSCANA              ;"201";"201";AZIENDA USL TOSCANA CENTRO;"02682D";CONSULTORIO MONSUMMANO T.     ;Pubblico;VIA CALATAFIMI 54             ;"51015";"047009";MONSUMMANO TERME                        ;PT;"0572460844";WWW.USLCENTRO.TOSCANA.IT;1
"2019";"090";TOSCANA              ;"201";"201";AZIENDA USL TOSCANA CENTRO;11002D;CONSULTORIO CENTRO SALUTE DONN;Pubblico;"VIA CAVOUR,87                 ";"59100";"100005";PRATO                                   ;PO;"0574801111";WWW.USLCENTRO.TOSCANA.IT;1
"2019";"090";TOSCANA              ;"201";"201";AZIENDA USL TOSCANA CENTRO;12012D;CONSULTORIO PALAGI            ;Pubblico;"VIALE MICHELANGELO,41         ";"50125";"048017";FIRENZE                                 ;FI;"0556937418";WWW.USLCENTRO.TOSCANA.IT;6
"2019";"090";TOSCANA              ;"201";"201";AZIENDA USL TOSCANA CENTRO;12042D;DISTR EMPOLI ATT CONSULTORIO  ;Pubblico;VIA ROZZALUPI 57              ;"50053";"048014";EMPOLI                                  ;FI;"0571702732";WWW.USLCENTRO.TOSCANA.IT;2
"2019";"090";TOSCANA              ;"201";"201";AZIENDA USL TOSCANA CENTRO;12072D;CASA SALUTE S.ANDREA CONSULTOR;Pubblico;VIA SAN MAMANTE 199           ;"50053";"048014";EMPOLI                                  ;FI;"0571878960";WWW.USLCENTRO.TOSCANA.IT;2
"2019";"090";TOSCANA              ;"201";"201";AZIENDA USL TOSCANA CENTRO;12192D;DISTR CASTELFIORENTNO ATT CONS;Pubblico;VIALE DEI MILLE 1             ;"50051";"048010";CASTELFIORENTINO                        ;FI;"0571705855";WWW.USLCENTRO.TOSCANA.IT;1
"2019";"090";TOSCANA              ;"201";"201";AZIENDA USL TOSCANA CENTRO;12232D;DISTR GAMBASSI ATT CONSULTORIO;Pubblico;VIA VOLTERRANA 31             ;"50050";"048020";GAMBASSI TERME                          ;FI;"0571878598";WWW.USLCENTRO.TOSCANA.IT;1
"2019";"090";TOSCANA              ;"201";"201";AZIENDA USL TOSCANA CENTRO;12242D;DISTR MONTESPERTOLI ATT CONSUL;Pubblico;VIALE MATTEOTTI 20            ;"50025";"048030";MONTESPERTOLI                           ;FI;"0571878944";WWW.USLCENTRO.TOSCANA.IT;1
"2019";"090";TOSCANA              ;"201";"201";AZIENDA USL TOSCANA CENTRO;12252D;DISTR LIMITE ATT CONSULTORIO  ;Pubblico;VIA A. NEGRO  5               ;"50050";"048008";CAPRAIA E LIMITE                        ;FI;"0571878914";WWW.USLCENTRO.TOSCANA.IT;1
"2019";"090";TOSCANA              ;"201";"201";AZIENDA USL TOSCANA CENTRO;12262D;DISTR MONTELUPO ATT CONSULTORI;Pubblico;VIA CENTOFIORI 11             ;"50056";"048028";MONTELUPO FIORENTINO                    ;FI;"0571878023";WWW.USLCENTRO.TOSCANA.IT;1
"2019";"090";TOSCANA              ;"201";"201";AZIENDA USL TOSCANA CENTRO;12272D;DISTR CERRETO ATT CONSULTORIO ;Pubblico;VIA DEI FOSSI 3               ;"50051";"048011";CERRETO GUIDI                           ;FI;"0571878517";WWW.USLCENTRO.TOSCANA.IT;1
"2019";"090";TOSCANA              ;"201";"201";AZIENDA USL TOSCANA CENTRO;12282D;DISTR MONTAIONE ATT CONSULTORI;Pubblico;VIA DI FILICAIA 18            ;"50050";"048027";MONTAIONE                               ;FI;"0571878576";WWW.USLCENTRO.TOSCANA.IT;1
"2019";"090";TOSCANA              ;"201";"201";AZIENDA USL TOSCANA CENTRO;12322D;DISTR CERTALDO ATT CONSULTORIO;Pubblico;PIAZZA DELLA LIBERTA' 6       ;"50052";"048012";CERTALDO                                ;FI;"0571878874";WWW.USLCENTRO.TOSCANA.IT;1
"2019";"090";TOSCANA              ;"201";"201";AZIENDA USL TOSCANA CENTRO;13172D;CONSULTORIO CANOVA            ;Pubblico;"VIA CHIUSI,2/4                ";"50142";"048017";FIRENZE                                 ;FI;"0556935436";WWW.USLCENTRO.TOSCANA.IT;6
"2019";"090";TOSCANA              ;"201";"201";AZIENDA USL TOSCANA CENTRO;14012D;CONSULTORIO VIALE MORGAGNI    ;Pubblico;"VIALE MORGAGNI,33             ";"50134";"048017";FIRENZE                                 ;FI;"0556935327";WWW.USLCENTRO.TOSCANA.IT;6
"2019";"090";TOSCANA              ;"201";"201";AZIENDA USL TOSCANA CENTRO;14232D;CONSULTORIO LE PIAGGE (OSTERIA;Pubblico;"VIA DELL'OSTERIA, 8           ";"50145";"048017";FIRENZE                                 ;FI;"0556934216";WWW.USLCENTRO.TOSCANA.IT;6
"2019";"090";TOSCANA              ;"201";"201";AZIENDA USL TOSCANA CENTRO;15082D;CONSULTORIO DISTRETTO D'ANNUNZ;Pubblico;"VIA G.D'ANNUNZIO,29           ";"50135";"048017";FIRENZE                                 ;FI;"0556934196";WWW.USLCENTRO.TOSCANA.IT;6
"2019";"090";TOSCANA              ;"201";"201";AZIENDA USL TOSCANA CENTRO;20012D;CONSULTORIO FAMILIARE VERNIO  ;Pubblico;"VIA FIUMENTA,18 S.QUIRICO     ";"59024";"100007";VERNIO                                  ;PO;"0574807745";WWW.USLCENTRO.TOSCANA.IT;1
"2019";"090";TOSCANA              ;"201";"201";AZIENDA USL TOSCANA CENTRO;21012D;CONSULTORIO   SCANDICCI       ;Pubblico;VIA  VIVALDI ANG. VIA PISANA  ;"50018";"048041";SCANDICCI                               ;FI;"0556930678";WWW.USLCENTRO.TOSCANA.IT;1
"2019";"090";TOSCANA              ;"201";"201";AZIENDA USL TOSCANA CENTRO;21021D;H DEGLI INFERMI ATT CONSULTORI;Pubblico;P.ZZA XX SETTEMBRE 16         ;"56028";"050032";SAN MINIATO                             ;PI;"0571705905";WWW.USLCENTRO.TOSCANA.IT;2
"2019";"090";TOSCANA              ;"201";"201";AZIENDA USL TOSCANA CENTRO;22032D;DISTR S.CROCE ATT CONSULTORIO ;Pubblico;VIALE MAINARDI 2              ;"56029";"050033";SANTA CROCE SULL'ARNO                   ;PI;"0571878316";WWW.USLCENTRO.TOSCANA.IT;1
"2019";"090";TOSCANA              ;"201";"201";AZIENDA USL TOSCANA CENTRO;22042D;DISTR FUCECCHIO ATT CONSULTORI;Pubblico;PIAZZA LAVAGNINI              ;"50054";"048019";FUCECCHIO                               ;FI;"0571878593";WWW.USLCENTRO.TOSCANA.IT;1
"2019";"090";TOSCANA              ;"201";"201";AZIENDA USL TOSCANA CENTRO;22062D;CONSULT.LASTRA A SIGNA C/O ALF;Pubblico;"VIA LIVORNESE, 277            ";"50055";"048024";LASTRA A SIGNA                          ;FI;"0558787232";WWW.USLCENTRO.TOSCANA.IT;1
"2019";"090";TOSCANA              ;"201";"201";AZIENDA USL TOSCANA CENTRO;22072D;CASA DELLA SALUTE LE CAPANNE A;Pubblico;VIA MATTEI 4 CAPANNE          ;"56020";"050022";MONTOPOLI IN VAL D'ARNO                 ;PI;"0571878837";WWW.USLCENTRO.TOSCANA.IT;1
"2019";"090";TOSCANA              ;"201";"201";AZIENDA USL TOSCANA CENTRO;22192D;DISTR P.EGOLA ATT CONSULTORIO ;Pubblico;VIA I MAGGIO 105 PONTE A EGOLA;"56027";"050032";SAN MINIATO                             ;PI;"0571878918";WWW.USLCENTRO.TOSCANA.IT;2
"2019";"090";TOSCANA              ;"201";"201";AZIENDA USL TOSCANA CENTRO;22202D;DISTR CASTELFRANCO ATT CONSULT;Pubblico;VIALE II GIUGNO 37            ;"56022";"050009";CASTELFRANCO DI SOTTO                   ;PI;"0571704220";WWW.USLCENTRO.TOSCANA.IT;2
"2019";"090";TOSCANA              ;"201";"201";AZIENDA USL TOSCANA CENTRO;22212D;DISTR GALLENO ATT CONSULTORIO ;Pubblico;VIA DON ARZILLI 4 GALLENO     ;"56022";"050009";CASTELFRANCO DI SOTTO                   ;PI;"0571878532";WWW.USLCENTRO.TOSCANA.IT;2
"2019";"090";TOSCANA              ;"201";"201";AZIENDA USL TOSCANA CENTRO;23012D;CONSULTORIO FAMILIARE MONTEMUR;Pubblico;"VIA MILANO,13/A               ";"59013";"100003";MONTEMURLO                              ;PO;"0574807735";WWW.USLCENTRO.TOSCANA.IT;1
"2019";"090";TOSCANA              ;"201";"201";AZIENDA USL TOSCANA CENTRO;24012D;CONSULTORIO FAMILIARE POGGIO A;Pubblico;"VIA GIOTTO,1                  ";"59016";"100004";POGGIO A CAIANO                         ;PO;"0558779959";WWW.USLCENTRO.TOSCANA.IT;1
"2019";"090";TOSCANA              ;"201";"201";AZIENDA USL TOSCANA CENTRO;24092D;CONSULTORIO CALENZANO         ;Pubblico;"PIAZZA GRAMSCI,12             ";"50041";"048005";CALENZANO                               ;FI;"0556930560";WWW.USLCENTRO.TOSCANA.IT;1
"2019";"090";TOSCANA              ;"201";"201";AZIENDA USL TOSCANA CENTRO;24122D;CONSULTORIO CAMPI BISENZIO - R;Pubblico;VIA ROSSINI ANG. VIA BUOZZI   ;"50013";"048006";CAMPI BISENZIO                          ;FI;"0556930832";WWW.USLCENTRO.TOSCANA.IT;1
"2019";"090";TOSCANA              ;"201";"201";AZIENDA USL TOSCANA CENTRO;25012D;CONSULTORIO FAMILIARE CARMIGNA;Pubblico;"VIA REDI,72                   ";"59015";"100002";CARMIGNANO                              ;PO;"0574807730";WWW.USLCENTRO.TOSCANA.IT;1
"2019";"090";TOSCANA              ;"201";"201";AZIENDA USL TOSCANA CENTRO;25032D;CONSULTORIO CAMERATA          ;Pubblico;"VIA DELLA PIAZZUOLA, 68       ";"50133";"048017";FIRENZE                                 ;FI;"0556938481";WWW.USLCENTRO.TOSCANA.IT;6
"2019";"090";TOSCANA              ;"201";"201";AZIENDA USL TOSCANA CENTRO;31012D;CONSULTORIO REGGELLO          ;Pubblico;"P.ZZA IV NOVEMBRE,4           ";"50066";"048035";REGGELLO                                ;FI;"0558665622";WWW.USLCENTRO.TOSCANA.IT;1
"2019";"090";TOSCANA              ;"201";"201";AZIENDA USL TOSCANA CENTRO;31032D;CONSULTORIO RIGNANO S.ARNO    ;Pubblico;"P.ZZA DEI MARTIRI, 6          ";"50067";"048036";RIGNANO SULL'ARNO                       ;FI;"0558348801";WWW.USLCENTRO.TOSCANA.IT;1
"2019";"090";TOSCANA              ;"201";"201";AZIENDA USL TOSCANA CENTRO;32022D;CONSULTORIO FIGLINE E INCISA V;Pubblico;"PIAZZA XXV APRILE, 10         ";"50063";"048052";FIGLINE E INCISA VALDARNO;FI;"0559508273";WWW.USLCENTRO.TOSCANA.IT;1
"2019";"090";TOSCANA              ;"201";"201";AZIENDA USL TOSCANA CENTRO;33032D;CONSULTORIO PONTASSIEVE       ;Pubblico;"VIA TANZINI, 23               ";"50065";"048033";PONTASSIEVE                             ;FI;"0556934171";WWW.USLCENTRO.TOSCANA.IT;1
"2019";"090";TOSCANA              ;"201";"201";AZIENDA USL TOSCANA CENTRO;34032D;CONSULTORIO DI GRASSINA       ;Pubblico;"VIA DELL'ANTELLA,58           ";"50012";"048001";BAGNO A RIPOLI                          ;FI;"0556939484";WWW.USLCENTRO.TOSCANA.IT;1
"2019";"090";TOSCANA              ;"201";"201";AZIENDA USL TOSCANA CENTRO;35012D;CONSULTORIO DI IMPRUNETA      ;Pubblico;"VIA PAPA GIOVANNI XXIII, 4/6  ";"50023";"048022";IMPRUNETA                               ;FI;"0556938390";WWW.USLCENTRO.TOSCANA.IT;1
"2019";"090";TOSCANA              ;"201";"201";AZIENDA USL TOSCANA CENTRO;35052D;CONSULTORIO DI GREVE IN CHIANT;Pubblico;"VIA DELLA PACE, 8             ";"50022";"048021";GREVE IN CHIANTI                        ;FI;"055854931";WWW.USLCENTRO.TOSCANA.IT;1
"2019";"090";TOSCANA              ;"201";"201";AZIENDA USL TOSCANA CENTRO;36012D;CONSULTORIO S.CASCIANO V.P.   ;Pubblico;"VIA DEL CASSERO,19/A          ";"50026";"048038";SAN CASCIANO IN VAL DI PESA             ;FI;"055822911";WWW.USLCENTRO.TOSCANA.IT;1
"2019";"090";TOSCANA              ;"201";"201";AZIENDA USL TOSCANA CENTRO;36022D;CONSULTORIO TAVARNELLE V.P.   ;Pubblico;"VIA NALDINI, 44               ";"50028";"048054";BARBERINO TAVARNELLE;FI;"0556939740";WWW.USLCENTRO.TOSCANA.IT;1
"2019";"090";TOSCANA              ;"201";"201";AZIENDA USL TOSCANA CENTRO;41132D;CONSULTORIO MARRADI           ;Pubblico;"VIA DINO CAMPANA,12           ";"50034";"048026";MARRADI                                 ;FI;"0556939425";WWW.USLCENTRO.TOSCANA.IT;1
"2019";"090";TOSCANA              ;"201";"201";AZIENDA USL TOSCANA CENTRO;41182D;CONSULTORIO BORGO SAN LORENZO ;Pubblico;"VIALE DELLA RESISTENZA,17     ";"50032";"048004";BORGO SAN LORENZO                       ;FI;"0556939138";WWW.USLCENTRO.TOSCANA.IT;1
"2019";"090";TOSCANA              ;"201";"201";AZIENDA USL TOSCANA CENTRO;42012D;CONSULTORIO BARBERINO M.LLO   ;Pubblico;"VIA 1 MAGGIO, 26              ";"50031";"048002";BARBERINO DI MUGELLO                    ;FI;"0556939491";WWW.USLCENTRO.TOSCANA.IT;1
"2019";"090";TOSCANA              ;"201";"201";AZIENDA USL TOSCANA CENTRO;42032D;CONSULTORIO FIRENZUOLA        ;Pubblico;"VIA RIOBARONDOLI,16           ";"50033";"048018";FIRENZUOLA                              ;FI;"0556939987";WWW.USLCENTRO.TOSCANA.IT;1
"2019";"090";TOSCANA              ;"201";"201";AZIENDA USL TOSCANA CENTRO;43012D;CONSULTORIO DICOMANO          ;Pubblico;"P.ZZA DELLA REPUBBLICA, 1     ";"50062";"048013";DICOMANO                                ;FI;"0556939348";WWW.USLCENTRO.TOSCANA.IT;1
"2019";"090";TOSCANA              ;"201";"201";AZIENDA USL TOSCANA CENTRO;E2781A;CASA DELLA SALUTE VINCI       ;Pubblico;VIA R.SANZIO 32/A             ;"50059";"048050";VINCI                                   ;FI;"0571878286";WWW.USLCENTRO.TOSCANA.IT;1
"2019";"090";TOSCANA              ;"201";"201";AZIENDA USL TOSCANA CENTRO;F3012D;CONSULTORIO SESTO FIORENTINO  ;Pubblico;"VIA GRAMSCI,561               ";"50019";"048043";SESTO FIORENTINO                        ;FI;"0556930248";WWW.USLCENTRO.TOSCANA.IT;1
"2019";"090";TOSCANA              ;"201";"201";AZIENDA USL TOSCANA CENTRO;R1012D;CONSULTORIO FAMILIARE VAIANO  ;Pubblico;"VIA VAL DI BISENZIO,205       ";"59021";"100006";VAIANO                                  ;PO;"0574946128";WWW.USLCENTRO.TOSCANA.IT;1
"2019";"090";TOSCANA              ;"201";"201";AZIENDA USL TOSCANA CENTRO;T4002D;CONSULTORIO LARCIANO          ;Pubblico;"VIA GRAMSCI, 33               ";"51036";"047006";LARCIANO                                ;PT;"0572228993";WWW.USLCENTRO.TOSCANA.IT;1
"2019";"090";TOSCANA              ;"202";"202";AZIENDA USL TOSCANA NORD-OVEST;"00132D";CONSULTORIO FORNOLI           ;Pubblico;"VIA GIOVANNI XXXIII, 58       ";"55021";"046002";BAGNI DI LUCCA                          ;LU;"058387631";HTTP://WWW.USLNORDOVEST.TOSCANA.IT/;1
"2019";"090";TOSCANA              ;"202";"202";AZIENDA USL TOSCANA NORD-OVEST;"00312D";CONSULTORIO CAPANNORI         ;Pubblico;ALDO MORO                     ;"55012";"046007";CAPANNORI                               ;LU;"0583449096";HTTP://WWW.USLNORDOVEST.TOSCANA.IT/;1
"2019";"090";TOSCANA              ;"202";"202";AZIENDA USL TOSCANA NORD-OVEST;"00612D";CONSULTORIO GALLICANO         ;Pubblico;"VIA DONATORI DI SANGUE, 2     ";"55027";"046015";GALLICANO                               ;LU;"0583669527";HTTP://WWW.USLNORDOVEST.TOSCANA.IT/;1
"2019";"090";TOSCANA              ;"202";"202";AZIENDA USL TOSCANA NORD-OVEST;"00912D";CONSULTORIO SANT'ANNA         ;Pubblico;VLE EINAUDI 1-SANT'ANNA       ;"55100";"046017";LUCCA                                   ;LU;"0583449755";HTTP://WWW.USLNORDOVEST.TOSCANA.IT/;2
"2019";"090";TOSCANA              ;"202";"202";AZIENDA USL TOSCANA NORD-OVEST;"01522D";CONSULTORIO TURCHETTO         ;Pubblico;"PZA NENNI,1-TURCHETTO         ";"55015";"046021";MONTECARLO                              ;LU;"0583449701";HTTP://WWW.USLNORDOVEST.TOSCANA.IT/;1
"2019";"090";TOSCANA              ;"202";"202";AZIENDA USL TOSCANA NORD-OVEST;"02002D";CONSULTORIO OSPEDALE SANTA CRO;Pubblico;"DELL'OSPEDALE, 2              ";"55032";"046009";CASTELNUOVO DI GARFAGNANA               ;LU;"0583669715";HTTP://WWW.USLNORDOVEST.TOSCANA.IT/;1
"2019";"090";TOSCANA              ;"202";"202";AZIENDA USL TOSCANA NORD-OVEST;"03002D";CONSULTORIO  OSP. S.FRANC.    ;Pubblico;"VIA DEI FRATI, 1              ";"55051";"046003";BARGA                                   ;LU;"0583729273";HTTP://WWW.USLNORDOVEST.TOSCANA.IT/;1
"2019";"090";TOSCANA              ;"202";"202";AZIENDA USL TOSCANA NORD-OVEST;"04002D";CONSULTORIO CAMPO DI MARTE    ;Pubblico;LOC.CAMPO DI MARTE            ;"55100";"046017";LUCCA                                   ;LU;"0583449512";HTTP://WWW.USLNORDOVEST.TOSCANA.IT/;2
"2019";"090";TOSCANA              ;"202";"202";AZIENDA USL TOSCANA NORD-OVEST;10012D;SEDE CONSULTORIALE - OSPEDALE ;Pubblico;"VIA AURELIA, 335              ";"55041";"046005";CAMAIORE                                ;LU;"05846055358";WWW.USLNORDOVEST.TOSCANA.IT;2
"2019";"090";TOSCANA              ;"202";"202";AZIENDA USL TOSCANA NORD-OVEST;10222D;SEDE CONSULTORIALE VIAREGGIO E;Pubblico;"VIA ANTONIO FRATTI, 530       ";"55049";"046033";VIAREGGIO                               ;LU;"05846059215";WWW.USLNORDOVEST.TOSCANA.IT;2
"2019";"090";TOSCANA              ;"202";"202";AZIENDA USL TOSCANA NORD-OVEST;10272D;SEDE CONSULTORIALE VIAREGGIO T;Pubblico;"PIAZZA BUON CONSIGLIO, 1      ";"55049";"046033";VIAREGGIO                               ;LU;"05846056352";WWW.USLNORDOVEST.TOSCANA.IT;2
"2019";"090";TOSCANA              ;"202";"202";AZIENDA USL TOSCANA NORD-OVEST;10511A;PRESIDIO DISTRETTUALE CAMAIORE;Pubblico;"VIALE OBERDAN, 28             ";"55041";"046005";CAMAIORE                                ;LU;"05846056406";WWW.USLNORDOVEST.TOSCANA.IT;2
"2019";"090";TOSCANA              ;"202";"202";AZIENDA USL TOSCANA NORD-OVEST;11012X;CONSULTORIO GIOVANI ROSIGNANO ;Pubblico;VIA ALDO MORO 1               ;"57013";"049017";ROSIGNANO MARITTIMO                     ;LI;"0586614608";WWW.USLNORDOVEST.TOSCANA.IT;3
"2019";"090";TOSCANA              ;"202";"202";AZIENDA USL TOSCANA NORD-OVEST;11012Y;CONSULTORIO FAMILIARE ROSIGNAN;Pubblico;VIA ALDO MORO 1               ;"57013";"049017";ROSIGNANO MARITTIMO                     ;LI;"0586614608";WWW.USLNORDOVEST.TOSCANA.IT;3
"2019";"090";TOSCANA              ;"202";"202";AZIENDA USL TOSCANA NORD-OVEST;11012Z;CONSULTORIO MIGRANTI ROSIGNANO;Pubblico;"VIA ALDO MORO, 1              ";"57013";"049017";ROSIGNANO MARITTIMO                     ;LI;"0586614608";WWW.USLNORDOVEST.TOSCANA.IT;3
"2019";"090";TOSCANA              ;"202";"202";AZIENDA USL TOSCANA NORD-OVEST;111A2D;MARINA DI PISA CONSULTORIO    ;Pubblico;V. F. ANDO  MARINA DI PISA    ;"56128";"050026";PISA                                    ;PI;"050954674";HTTP://WWW.USLNORDOVEST.TOSCANA.IT/;3
"2019";"090";TOSCANA              ;"202";"202";AZIENDA USL TOSCANA NORD-OVEST;111B2D;CEP CONSULTORIO IMMIGRATI     ;Pubblico;VIA CILEA                     ;"56122";"050026";PISA                                    ;PI;"050954579";HTTP://WWW.USLNORDOVEST.TOSCANA.IT/;3
"2019";"090";TOSCANA              ;"202";"202";AZIENDA USL TOSCANA NORD-OVEST;111C2D;VIA TORINO CONSULTORIO        ;Pubblico;VIA TORINO                    ;"56123";"050026";PISA                                    ;PI;"050954905";HTTP://WWW.USLNORDOVEST.TOSCANA.IT/;3
"2019";"090";TOSCANA              ;"202";"202";AZIENDA USL TOSCANA NORD-OVEST;112A2D;CONSULTORIO DI CASCINA        ;Pubblico;VIA FABRIZIO DE ANDRE' 43     ;"56021";"050008";CASCINA                                 ;PI;"050954718";HTTP://WWW.USLNORDOVEST.TOSCANA.IT/;1
"2019";"090";TOSCANA              ;"202";"202";AZIENDA USL TOSCANA NORD-OVEST;113A2D;SAN GIULIANO T. CONSULTORIO   ;Pubblico;V. M. L. KING                 ;"56017";"050031";SAN GIULIANO TERME                      ;PI;"050954858";HTTP://WWW.USLNORDOVEST.TOSCANA.IT/;1
"2019";"090";TOSCANA              ;"202";"202";AZIENDA USL TOSCANA NORD-OVEST;12031D;ATT. DI CONSULTORIO  FAMILIARE;Pubblico;PIAZZA DELLA VITTORIA 22      ;"54011";"045001";AULLA                                   ;MS;"0187406124";WWW.USLNORDOVEST.TOSCANA.IT;1
"2019";"090";TOSCANA              ;"202";"202";AZIENDA USL TOSCANA NORD-OVEST;12141D;CONSULTORIO FAMILIARE VILLAFRA;Pubblico;PALAZZO BARACCHINI            ;"54028";"045016";VILLAFRANCA IN LUNIGIANA                ;MS;"0187494190";WWW.USLNORDOVEST.TOSCANA.IT;1
"2019";"090";TOSCANA              ;"202";"202";AZIENDA USL TOSCANA NORD-OVEST;12151D;CONSULTORIO FAMILIARE PONTREMO;Pubblico;VIA MAZZINI 48                ;"54027";"045014";PONTREMOLI                              ;MS;"01874630219";WWW.USLNORDOVEST.TOSCANA.IT;1
"2019";"090";TOSCANA              ;"202";"202";AZIENDA USL TOSCANA NORD-OVEST;13002Y;CONSULTORIO FAMILIARE DONORATI;Pubblico;PIAZZA EUROPA                 ;"57022";"049006";CASTAGNETO CARDUCCI                     ;LI;"056567580";WWW.USLNORDOVEST.TOSCANA.IT;1
"2019";"090";TOSCANA              ;"202";"202";AZIENDA USL TOSCANA NORD-OVEST;13222X;CONSULTORIO GIOVANI CECINA    ;Pubblico;VIA MONTANARA                 ;"57023";"049007";CECINA                                  ;LI;"0586614208";WWW.USLNORDOVEST.TOSCANA.IT;3
"2019";"090";TOSCANA              ;"202";"202";AZIENDA USL TOSCANA NORD-OVEST;16122Y;CONSULTORIO FAMILIARE CECINA  ;Pubblico;VIA MONTANARA                 ;"57023";"049007";CECINA                                  ;LI;"0586614208";WWW.USLNORDOVEST.TOSCANA.IT;3
"2019";"090";TOSCANA              ;"202";"202";AZIENDA USL TOSCANA NORD-OVEST;16122Z;CONSULTORIO MIGRANTI CECINA   ;Pubblico;VIA MONTANARA                 ;"57023";"049007";CECINA                                  ;LI;"0586614208";WWW.USLNORDOVEST.TOSCANA.IT;3
"2019";"090";TOSCANA              ;"202";"202";AZIENDA USL TOSCANA NORD-OVEST;20142Y;CONSULTORIO FAMILIARE COLLESAL;Pubblico;"VIA DON BOSCO, 1              ";"57014";"049008";COLLESALVETTI                           ;LI;"0586223956";WWW.USLNORDOVEST.TOSCANA.IT;2
"2019";"090";TOSCANA              ;"202";"202";AZIENDA USL TOSCANA NORD-OVEST;210E2D;PONTEDERA CONSULTORIO VIA FLEM;Pubblico;"VIA FLEMING, 1                ";"56025";"050029";PONTEDERA                               ;PI;"0587273738";HTTP://WWW.USLNORDOVEST.TOSCANA.IT/;1
"2019";"090";TOSCANA              ;"202";"202";AZIENDA USL TOSCANA NORD-OVEST;211A2D;PONSACCO CONSULTORIO          ;Pubblico;"V. ROSPICCIANO, 24            ";"56025";"050028";PONSACCO                                ;PI;"0587098808";HTTP://WWW.USLNORDOVEST.TOSCANA.IT/;1
"2019";"090";TOSCANA              ;"202";"202";AZIENDA USL TOSCANA NORD-OVEST;212A2D;BIENTINA CONSULTORIO          ;Pubblico;"V. PACINI, 92/A               ";"56025";"050001";BIENTINA                                ;PI;"0587273907";HTTP://WWW.USLNORDOVEST.TOSCANA.IT/;1
"2019";"090";TOSCANA              ;"202";"202";AZIENDA USL TOSCANA NORD-OVEST;212D2D;S.MARIA A MONTE CONSULTORIO   ;Pubblico;"VIA. SAN MICHELE, 7           ";"56025";"050035";SANTA MARIA A MONTE                     ;PI;"0587098303";HTTP://WWW.USLNORDOVEST.TOSCANA.IT/;1
"2019";"090";TOSCANA              ;"202";"202";AZIENDA USL TOSCANA NORD-OVEST;213A2D;LA ROSA  CONSULTORIO          ;Pubblico;VIA VERDI 32   LA ROSA        ;"56030";"050036";TERRICCIOLA                             ;PI;"0587273857";HTTP://WWW.USLNORDOVEST.TOSCANA.IT/;1
"2019";"090";TOSCANA              ;"202";"202";AZIENDA USL TOSCANA NORD-OVEST;22011D;DISTRETTO  MASSA CENTRO CONSUL;Pubblico;VIA BASSA TAMBURA 4           ;"54100";"045010";MASSA                                   ;MS;"0585493770";WWW.USLNORDOVEST.TOSCANA.IT;1
"2019";"090";TOSCANA              ;"202";"202";AZIENDA USL TOSCANA NORD-OVEST;22112Y;CONSULTORIO FAMILIARE LIVORNO ;Pubblico;"VIA PEPPINO IMPASTATO, 8/10   ";"57124";"049009";LIVORNO                                 ;LI;"0586223904";WWW.USLNORDOVEST.TOSCANA.IT;6
"2019";"090";TOSCANA              ;"202";"202";AZIENDA USL TOSCANA NORD-OVEST;22261D;POLIAMB.CONSULTORIO AVENZA    ;Pubblico;VIA GIOVANPIETRO 26           ;"54031";"045003";CARRARA                                 ;MS;"0585657814";WWW.USL1.TOSCANA.IT;1
"2019";"090";TOSCANA              ;"202";"202";AZIENDA USL TOSCANA NORD-OVEST;24112Y;CONSULTORIO FAMILIARE LIVORNO ;Pubblico;FIERA S. ANTONINO 3           ;"57121";"049009";LIVORNO                                 ;LI;"0586223505";WWW.USLNORDOVEST.TOSCANA.IT;6
"2019";"090";TOSCANA              ;"202";"202";AZIENDA USL TOSCANA NORD-OVEST;26112Y;CONSULTORIO FAMILIARE LIVORNO ;Pubblico;VIA DEL MARE 82               ;"57128";"049009";LIVORNO                                 ;LI;"0586223188";WWW.USLNORDOVEST.TOSCANA.IT;6
"2019";"090";TOSCANA              ;"202";"202";AZIENDA USL TOSCANA NORD-OVEST;26132X;CONSULTORIO GIOVANI LIVORNO   ;Pubblico;"VIALE ALFIERI, 30             ";"57124";"049009";LIVORNO                                 ;LI;"0586223608";WWW.USLNORDOVEST.TOSCANA.IT;6
"2019";"090";TOSCANA              ;"202";"202";AZIENDA USL TOSCANA NORD-OVEST;26132Y;CONSULTORIO FAMILIARE LIVORNO ;Pubblico;"VIALE ALFIERI, 30             ";"57124";"049009";LIVORNO                                 ;LI;"0586223111";WWW.USLNORDOVEST.TOSCANA.IT;6
"2019";"090";TOSCANA              ;"202";"202";AZIENDA USL TOSCANA NORD-OVEST;26132Z;CONSULTORIO MIGRANTI LIVORNO  ;Pubblico;"VIALE ALFIERI, 30             ";"57124";"049009";LIVORNO                                 ;LI;"0586223603";WWW.USLNORDOVEST.TOSCANA.IT;6
"2019";"090";TOSCANA              ;"202";"202";AZIENDA USL TOSCANA NORD-OVEST;27112Y;CONSULTORIO FAMILIARE STAGNO  ;Pubblico;VIA C. MARX 57                ;"57017";"049008";COLLESALVETTI                           ;LI;"0586941291";WWW.USLNORDOVEST.TOSCANA.IT;2
"2019";"090";TOSCANA              ;"202";"202";AZIENDA USL TOSCANA NORD-OVEST;30022Y;CONSULTORIO FAMILIARE CAMPIGLI;Pubblico;VIA DELLA LIBERTA'            ;"57021";"049002";CAMPIGLIA MARITTIMA                     ;LI;"056567809";WWW.USLNORDOVEST.TOSCANA.IT;2
"2019";"090";TOSCANA              ;"202";"202";AZIENDA USL TOSCANA NORD-OVEST;30962X;CASA DELLA SALUTE QUERCETA    ;Pubblico;VIA C.A. DALLA CHIESA 158 LOC.;"55047";"046028";SERAVEZZA                               ;LU;"0584769233";WWW.USLNORDOVEST.TOSCANA.IT;1
"2019";"090";TOSCANA              ;"202";"202";AZIENDA USL TOSCANA NORD-OVEST;31022Y;CONSULTORIO FAMILIARE RIOTORTO;Pubblico;VIA DE AMICIS                 ;"57025";"049012";PIOMBINO                                ;LI;"056520542";WWW.USLNORDOVEST.TOSCANA.IT;3
"2019";"090";TOSCANA              ;"202";"202";AZIENDA USL TOSCANA NORD-OVEST;31042X;CONSULTORIO GIOVANI PIOMBINO  ;Pubblico;VIA LERARIO 48                ;"57025";"049012";PIOMBINO                                ;LI;"056567609";WWW.USLNORDOVEST.TOSCANA.IT;3
"2019";"090";TOSCANA              ;"202";"202";AZIENDA USL TOSCANA NORD-OVEST;31042Y;CONSULTORIO FAMILIARE PIOMBINO;Pubblico;VIA LERARIO 48                ;"57025";"049012";PIOMBINO                                ;LI;"056567609";WWW.USLNORDOVEST.TOSCANA.IT;3
"2019";"090";TOSCANA              ;"202";"202";AZIENDA USL TOSCANA NORD-OVEST;31062Y;CONSULTORIO FAMILIARE VENTURIN;Pubblico;"VIALE DEL POPOLO, 10/15       ";"57021";"049002";CAMPIGLIA MARITTIMA                     ;LI;"056567868";WWW.USLNORDOVEST.TOSCANA.IT;2
"2019";"090";TOSCANA              ;"202";"202";AZIENDA USL TOSCANA NORD-OVEST;31072Y;CONSULTORIO FAMILIARE SAN VINC;Pubblico;PIAZZA GIOVANNI XXIII         ;"57027";"049018";SAN VINCENZO                            ;LI;"056567781";WWW.USLNORDOVEST.TOSCANA.IT;1
"2019";"090";TOSCANA              ;"202";"202";AZIENDA USL TOSCANA NORD-OVEST;31082Y;CONSULTORIO FAMILIARE SUVERETO;Pubblico;VIA CAPORALI 14               ;"57028";"049020";SUVERETO                                ;LI;"0565827002";WWW.USLNORDOVEST.TOSCANA.IT;1
"2019";"090";TOSCANA              ;"202";"202";AZIENDA USL TOSCANA NORD-OVEST;31092Y;CONSULTORIO FAMILIARE SASSETTA;Pubblico;VIA DI CASTAGNETO             ;"57020";"049019";SASSETTA                                ;LI;"0565794177";WWW.USLNORDOVEST.TOSCANA.IT;1
"2019";"090";TOSCANA              ;"202";"202";AZIENDA USL TOSCANA NORD-OVEST;31102Y;CONSULTORIO FAMILIARE MONTEVER;Pubblico;"VIA DEL PODERE, 1             ";"56040";"050021";MONTEVERDI MARITTIMO                    ;PI;"0565784218";WWW.USLNORDOVEST.TOSCANA.IT;1
"2019";"090";TOSCANA              ;"202";"202";AZIENDA USL TOSCANA NORD-OVEST;311B2D;DISTR.VOLTERRA CONSULTORIO    ;Pubblico;BORGO SAN LAZZARO             ;"56048";"050039";VOLTERRA                                ;PI;"058891725";HTTP://WWW.USLNORDOVEST.TOSCANA.IT/;2
"2019";"090";TOSCANA              ;"202";"202";AZIENDA USL TOSCANA NORD-OVEST;311C2D;CONSULTORIO LE SPIGHE         ;Pubblico;"VIA ROMA, 8                   ";"56048";"050039";VOLTERRA                                ;PI;"058891592";HTTP://WWW.USLNORDOVEST.TOSCANA.IT/;2
"2019";"090";TOSCANA              ;"202";"202";AZIENDA USL TOSCANA NORD-OVEST;311F2D;PONTEGINORI-CONSULTORIO       ;Pubblico;V. E SOLVAY - PONTEGINORI     ;"56040";"050019";MONTECATINI VAL DI CECINA               ;PI;"058837416";HTTP://WWW.USLNORDOVEST.TOSCANA.IT/;2
"2019";"090";TOSCANA              ;"202";"202";AZIENDA USL TOSCANA NORD-OVEST;311L3D;CONSULTORIO DI MONTECATINI V.C;Pubblico;VIA ROMA                      ;"56044";"050019";MONTECATINI VAL DI CECINA               ;PI;"058891591";HTTP://WWW.USLNORDOVEST.TOSCANA.IT/;2
"2019";"090";TOSCANA              ;"202";"202";AZIENDA USL TOSCANA NORD-OVEST;312A2D;CASTELNUOVO V.C. CONSULTORIO  ;Pubblico;V. ROMA                       ;"56048";"050011";CASTELNUOVO DI VAL DI CECINA            ;PI;"058823629";HTTP://WWW.USLNORDOVEST.TOSCANA.IT/;1
"2019";"090";TOSCANA              ;"202";"202";AZIENDA USL TOSCANA NORD-OVEST;312B2D;POMARANCE CONSULTORIO         ;Pubblico;V . ROMA                      ;"56048";"050027";POMARANCE                               ;PI;"058862414";HTTP://WWW.USLNORDOVEST.TOSCANA.IT/;2
"2019";"090";TOSCANA              ;"202";"202";AZIENDA USL TOSCANA NORD-OVEST;312D2D;LARDERELLO CONSULTORIO        ;Pubblico;V. LEONE XXIII  LARDERELLO    ;"56048";"050027";POMARANCE                               ;PI;"058891506";HTTP://WWW.USLNORDOVEST.TOSCANA.IT/;2
"2019";"090";TOSCANA              ;"202";"202";AZIENDA USL TOSCANA NORD-OVEST;42002X;CONSULTORIO GIOVANI PORTOFERRA;Pubblico;LARGO TORCHIANA               ;"57037";"049014";PORTOFERRAIO                            ;LI;"0565926816";WWW.USLNORDOVEST.TOSCANA.IT;2
"2019";"090";TOSCANA              ;"202";"202";AZIENDA USL TOSCANA NORD-OVEST;42002Y;CONSULTORIO FAMILIARE PORTOFER;Pubblico;LARGO TORCHIANA               ;"57037";"049014";PORTOFERRAIO                            ;LI;"0565926816";WWW.USLNORDOVEST.TOSCANA.IT;2
"2019";"090";TOSCANA              ;"203";"203";AZIENDA USL TOSCANA SUD-EST;10012D;CONSULTORIO CASENTINO         ;Pubblico;LOC.COLOMBAIA VIA G.DI VITTORI;"52011";"051004";BIBBIENA                                ;AR;"0575568332";WWW.USLSUDEST.TOSCANA.IT;1
"2019";"090";TOSCANA              ;"203";"203";AZIENDA USL TOSCANA SUD-EST;10112D;PRESIDIO DISTRETTUALE CASOLE  ;Pubblico;VIA ARINGHIERI                ;"53031";"052004";CASOLE D'ELSA                           ;SI;"0577994723";WWW.USLSUDEST.TOSCANA.IT;1
"2019";"090";TOSCANA              ;"203";"203";AZIENDA USL TOSCANA SUD-EST;10312D;PRESIDIO DIST.LE RADICONDOLI  ;Pubblico;"VIA BATTISTI,25               ";"53030";"052025";RADICONDOLI                             ;SI;"0577790729";WWW.USLSUDEST.TOSCANA.IT;1
"2019";"090";TOSCANA              ;"203";"203";AZIENDA USL TOSCANA SUD-EST;10512D;PRESIDIO DIST.LE COLLE V.ELSA ;Pubblico;VIA MARCO POLO 25 LOC.CAMPOLUN;"53034";"052012";COLLE DI VAL D'ELSA                     ;SI;"0577994898";WWW.USLSUDEST.TOSCANA.IT;1
"2019";"090";TOSCANA              ;"203";"203";AZIENDA USL TOSCANA SUD-EST;11022D;PRESIDIO DI FOLLONICA         ;Pubblico;VIALE EUROPA                  ;"58022";"053009";FOLLONICA                               ;GR;"056659511";WWW.USLSUDEST.TOSCANA.IT;1
"2019";"090";TOSCANA              ;"203";"203";AZIENDA USL TOSCANA SUD-EST;11082D;CONSULTORIO DI GAVORRANO      ;Pubblico;VIA MATTEOTTI 33              ;"58023";"053010";GAVORRANO                               ;GR;"0566847611";WWW.USLSUDEST.TOSCANA.IT;1
"2019";"090";TOSCANA              ;"203";"203";AZIENDA USL TOSCANA SUD-EST;11162D;CONSULTORIO DI MASSA M.MA     ;Pubblico;VIALE RISORGIMENTO            ;"58024";"053015";MASSA MARITTIMA                         ;GR;"0566909111";WWW.USLSUDEST.TOSCANA.IT;1
"2019";"090";TOSCANA              ;"203";"203";AZIENDA USL TOSCANA SUD-EST;11212D;PRESIDIO DIST.LE POGGIBONSI   ;Pubblico;"VIA DELLA COSTITUZIONE,30     ";"53036";"052022";POGGIBONSI                              ;SI;"0577994031";WWW.USLSUDEST.TOSCANA.IT;2
"2019";"090";TOSCANA              ;"203";"203";AZIENDA USL TOSCANA SUD-EST;11262D;CONSULTORIO DI SCARLINO SCALO ;Pubblico;VIA MATTEOTTI                 ;"58020";"053024";SCARLINO                                ;GR;"056634184";WWW.USLSUDEST.TOSCANA.IT;1
"2019";"090";TOSCANA              ;"203";"203";AZIENDA USL TOSCANA SUD-EST;11282D;CONSULTORIO DI MONTEROTONDO   ;Pubblico;VIA DEL FORNO                 ;"58025";"053027";MONTEROTONDO MARITTIMO                  ;GR;"0566916613";WWW.USLSUDEST.TOSCANA.IT;1
"2019";"090";TOSCANA              ;"203";"203";AZIENDA USL TOSCANA SUD-EST;12112D;PRESIDIO DIST.LE SAN GIMIGNANO;Pubblico;"VIA FOLGORE, 16               ";"53037";"052028";SAN GIMIGNANO                           ;SI;"0577994774";WWW.USLSUDEST.TOSCANA.IT;1
"2019";"090";TOSCANA              ;"203";"203";AZIENDA USL TOSCANA SUD-EST;13112D;CONSULTORIO GIOVANI POGGIBONSI;Pubblico;"VIA DELLA COSTITUZIONE, 30    ";"53036";"052022";POGGIBONSI                              ;SI;"0577994031";WWW.USLSUDEST.TOSCANA.IT;2
"2019";"090";TOSCANA              ;"203";"203";AZIENDA USL TOSCANA SUD-EST;20312D;PRESIDIO DIST.LE MONTEPULCIANO;Pubblico;VIA CALAMANDREI               ;"53045";"052015";MONTEPULCIANO                           ;SI;"0578336407";HTTP://WWW.USLSUDEST.TOSCANA.IT;1
"2019";"090";TOSCANA              ;"203";"203";AZIENDA USL TOSCANA SUD-EST;20812D;PRESIDIO DIST.LE SINALUNGA    ;Pubblico;VIA GUERRAZZI 1               ;"53048";"052033";SINALUNGA                               ;SI;"0577535243";WWW.USLSUDEST.TOSCANA.IT;1
"2019";"090";TOSCANA              ;"203";"203";AZIENDA USL TOSCANA SUD-EST;21012D;PRESIDIO DISTRETTUALE TORRITA ;Pubblico;"VIA MAESTRI, 1                ";"53049";"052035";TORRITA DI SIENA                        ;SI;"0577535437";WWW.USLSUDEST.TOSCANA.IT;1
"2019";"090";TOSCANA              ;"203";"203";AZIENDA USL TOSCANA SUD-EST;21052D;CONSULTORIO DELL'ISOLA DEL GIG;Pubblico;"VIA PROVINCIALE PORTO, 45     ";"58012";"053012";ISOLA DEL GIGLIO                        ;GR;"0564483124";WWW.USLSUDEST.TOSCANA.IT;1
"2019";"090";TOSCANA              ;"203";"203";AZIENDA USL TOSCANA SUD-EST;21082D;CONSULTORIO DI MAGLIANO       ;Pubblico;VIA  XXIV MAGGIO 9            ;"58051";"053013";MAGLIANO IN TOSCANA                     ;GR;"0564592649";WWW.USLSUDEST.TOSCANA.IT;1
"2019";"090";TOSCANA              ;"203";"203";AZIENDA USL TOSCANA SUD-EST;21142D;CONSULTORIO DI MANCIANO       ;Pubblico;"VIA CAMPOLMI, 3               ";"58014";"053014";MANCIANO                                ;GR;"0564625631";WWW.USLSUDEST.TOSCANA.IT;1
"2019";"090";TOSCANA              ;"203";"203";AZIENDA USL TOSCANA SUD-EST;21182D;CONSULTORIO DELL' ARGENTARIO  ;Pubblico;LUNGOMARE DEI NAVIGATORI      ;"53016";"053016";MONTE ARGENTARIO                        ;GR;"0564811511";WWW.USLSUDEST.TOSCANA.IT;1
"2019";"090";TOSCANA              ;"203";"203";AZIENDA USL TOSCANA SUD-EST;21242D;CONSULTORIO DI ORBETELLO      ;Pubblico;LUNGOLAGO DEI PESCATORI       ;"58015";"053018";ORBETELLO                               ;GR;"0564869111";WWW.USLSUDEST.TOSCANA.IT;1
"2019";"090";TOSCANA              ;"203";"203";AZIENDA USL TOSCANA SUD-EST;21302D;CONSULTORIO DI PITIGLIANO     ;Pubblico;"VIA NICOLA CIACCI, 426        ";"58017";"053019";PITIGLIANO                              ;GR;"0564618111";WWW.USLSUDEST.TOSCANA.IT;1
"2019";"090";TOSCANA              ;"203";"203";AZIENDA USL TOSCANA SUD-EST;21712D;PRESIDIO DIST.LE CHIANCIANO   ;Pubblico;"VIA VESUVIO, 15               ";"53042";"052009";CHIANCIANO TERME                        ;SI;"0578713886";WWW.USLSUDEST.TOSCANA.IT;1
"2019";"090";TOSCANA              ;"203";"203";AZIENDA USL TOSCANA SUD-EST;21912D;PRESIDIO DISTRETTUALE CHIUSI  ;Pubblico;"VIA PIETRICCIA, 10            ";"53043";"052011";CHIUSI                                  ;SI;"0578713724";WWW.USLSUDEST.TOSCANA.IT;1
"2019";"090";TOSCANA              ;"203";"203";AZIENDA USL TOSCANA SUD-EST;22212D;PRESIDIO DISTRETTUALE SARTEANO;Pubblico;"VIA ALDO MORO, 8              ";"53047";"052031";SARTEANO                                ;SI;"0578713143";WWW.USLSUDEST.TOSCANA.IT;1
"2019";"090";TOSCANA              ;"203";"203";AZIENDA USL TOSCANA SUD-EST;22412D;PRESIDIO DISTRETTUALE PIENZA  ;Pubblico;"VIA CASE NUOVE, 32            ";"53026";"052021";PIENZA                                  ;SI;"0578713121";WWW.USLSUDEST.TOSCANA.IT;1
"2019";"090";TOSCANA              ;"203";"203";AZIENDA USL TOSCANA SUD-EST;24912D;CONSULTORIO VALTIBERINA       ;Pubblico;VIA 25 APRILE                 ;"52037";"051034";SANSEPOLCRO                             ;AR;"0575757751";WWW.USLSUDEST.TOSCANA.IT;1
"2019";"090";TOSCANA              ;"203";"203";AZIENDA USL TOSCANA SUD-EST;30212D;PRESIDIO DIST.LE ABBADIA S.S. ;Pubblico;"VIA SERDINI, 46               ";"53021";"052001";ABBADIA SAN SALVATORE                   ;SI;"0577782322";WWW.USLSUDEST.TOSCANA.IT;2
"2019";"090";TOSCANA              ;"203";"203";AZIENDA USL TOSCANA SUD-EST;30512D;CONSULTORIO VAL DI  CHIANA ARE;Pubblico;"VIA MADONNA DEL RIVAIO, 17    ";"52043";"051012";CASTIGLION FIORENTINO                   ;AR;"0575639891";HTTP://WWW.USLSUDEST.TOSCANA.IT;1
"2019";"090";TOSCANA              ;"203";"203";AZIENDA USL TOSCANA SUD-EST;30912D;PRES.DIST.LE PIANCASTAGNAIO   ;Pubblico;VIALE A.GRAMSCI 168           ;"53025";"052020";PIANCASTAGNAIO                          ;SI;"0577782404";WWW.USLSUDEST.TOSCANA.IT;1
"2019";"090";TOSCANA              ;"203";"203";AZIENDA USL TOSCANA SUD-EST;31012D;PRESIDIO DIST.LE RADICOFANI   ;Pubblico;"VIA DEL MACCIONE, 4           ";"53040";"052024";RADICOFANI                              ;SI;"0577782322";WWW.USLSUDEST.TOSCANA.IT;1
"2019";"090";TOSCANA              ;"203";"203";AZIENDA USL TOSCANA SUD-EST;31062D;CONSULTORIO DI CASTELDELPIANO ;Pubblico;VIA IV NOVEMBRE               ;"58033";"053004";CASTEL DEL PIANO                        ;GR;"0564914111";WWW.USLSUDEST.TOSCANA.IT;1
"2019";"090";TOSCANA              ;"203";"203";AZIENDA USL TOSCANA SUD-EST;31102D;CONSULTORIO DI CASTELL' AZZARA;Pubblico;VIA MARCONI                   ;"58034";"053005";CASTELL'AZZARA                          ;GR;"0564951028";WWW.USLSUDEST.TOSCANA.IT;1
"2019";"090";TOSCANA              ;"203";"203";AZIENDA USL TOSCANA SUD-EST;31112D;PR.DIST.LE CASTIGLIONE D'ORCIA;Pubblico;P.ZZA IV NOVEMBRE 19          ;"53023";"052007";CASTIGLIONE D'ORCIA                     ;SI;"0577782438";WWW.USLSUDEST.TOSCANA.IT;1
"2019";"090";TOSCANA              ;"203";"203";AZIENDA USL TOSCANA SUD-EST;31142D;CONSULTORIO DI CINIGIANO      ;Pubblico;P.LE BRUCHI                   ;"58044";"053007";CINIGIANO                               ;GR;"0564993311";WWW.USLSUDEST.TOSCANA.IT;1
"2019";"090";TOSCANA              ;"203";"203";AZIENDA USL TOSCANA SUD-EST;31162D;CONSULTORIO DI ROCCALBEGNA    ;Pubblico;VIA IV NOVEMBRE 59            ;"58053";"053020";ROCCALBEGNA                             ;GR;"0564989121";WWW.USLSUDEST.TOSCANA.IT;1
"2019";"090";TOSCANA              ;"203";"203";AZIENDA USL TOSCANA SUD-EST;31202D;CONSULTORIO DI SANTA FIORA    ;Pubblico;PIAZZA BALDUCCI               ;"58037";"053022";SANTA FIORA                             ;GR;"0564978046";WWW.USLSUDEST.TOSCANA.IT;1
"2019";"090";TOSCANA              ;"203";"203";AZIENDA USL TOSCANA SUD-EST;31252D;CONSULTORIO DI SEMPRONIANO    ;Pubblico;VIA PERSEVERANTI              ;"58055";"053028";SEMPRONIANO                             ;GR;"0564986367";WWW.USLSUDEST.TOSCANA.IT;1
"2019";"090";TOSCANA              ;"203";"203";AZIENDA USL TOSCANA SUD-EST;32012D;CONSULTORIO GIOVANI ABBADIA S.;Pubblico;"VIA SERDINI, 46               ";"53021";"052001";ABBADIA SAN SALVATORE                   ;SI;"0577782322";WWW.USLSUDEST.TOSCANA.IT;2
"2019";"090";TOSCANA              ;"203";"203";AZIENDA USL TOSCANA SUD-EST;33112D;CONSULTORIO CAMUCIA           ;Pubblico;VIA CAPITINI 31 CAMUCIA       ;"52044";"051017";CORTONA                                 ;AR;"0575639874";WWW.USLSUDEST.TOSCANA.IT;1
"2019";"090";TOSCANA              ;"203";"203";AZIENDA USL TOSCANA SUD-EST;36612D;CONSULTORIO FOIANO            ;Pubblico;VIALE UMBERTO 1               ;"52045";"051018";FOIANO DELLA CHIANA                     ;AR;"0575639816";WWW.USLSUDEST.TOSCANA.IT;1
"2019";"090";TOSCANA              ;"203";"203";AZIENDA USL TOSCANA SUD-EST;40612D;CONSULTORIO AREZZO            ;Pubblico;VIALE CITTADINI 33            ;"52100";"051002";AREZZO                                  ;AR;"0575255829";WWW.USLSUDEST.TOSCANA.IT;1
"2019";"090";TOSCANA              ;"203";"203";AZIENDA USL TOSCANA SUD-EST;41012D;CONSULTORIO DI CAMPAGNATICO   ;Pubblico;S.P. S.ANTONIO                ;"58042";"053002";CAMPAGNATICO                            ;GR;"0564996437";WWW.USLSUDEST.TOSCANA.IT;1
"2019";"090";TOSCANA              ;"203";"203";AZIENDA USL TOSCANA SUD-EST;41062D;CONSULTORIO DI CASTIGLIONE PES;Pubblico;"VIA ROMA, 1                   ";"58043";"053006";CASTIGLIONE DELLA PESCAIA               ;GR;"0564931911";WWW.USLSUDEST.TOSCANA.IT;1
"2019";"090";TOSCANA              ;"203";"203";AZIENDA USL TOSCANA SUD-EST;41162D;CONSULTORIO DI PAGANICO       ;Pubblico;P.ZA DELLA VITTORIA 12        ;"58045";"053008";CIVITELLA PAGANICO                      ;GR;"0564906511";WWW.USLSUDEST.TOSCANA.IT;1
"2019";"090";TOSCANA              ;"203";"203";AZIENDA USL TOSCANA SUD-EST;41262D;CONSULTORIO DI GROSSETO       ;Pubblico;VIA DON MINZONI 7             ;"58100";"053011";GROSSETO                                ;GR;"0564485701";WWW.USLSUDEST.TOSCANA.IT;1
"2019";"090";TOSCANA              ;"203";"203";AZIENDA USL TOSCANA SUD-EST;41312D;CONSULTORIO DI ROCCASTRADA    ;Pubblico;VIA S. MARTINO 38             ;"58036";"053021";ROCCASTRADA                             ;GR;"0564564311";WWW.USLSUDEST.TOSCANA.IT;1
"2019";"090";TOSCANA              ;"203";"203";AZIENDA USL TOSCANA SUD-EST;41392D;CONSULTORIO DI SCANSANO       ;Pubblico;VIA DIAZ 9                    ;"58054";"053023";SCANSANO                                ;GR;"0564509511";WWW.USLSUDEST.TOSCANA.IT;1
"2019";"090";TOSCANA              ;"203";"203";AZIENDA USL TOSCANA SUD-EST;42112D;PRESIDIO CONSULTORIO SIENA CEN;Pubblico;"VIALE DON MINZONI, 43         ";"53100";"052032";SIENA                                   ;SI;"0577536154";WWW.USLSUDEST.TOSCANA.IT;2
"2019";"090";TOSCANA              ;"203";"203";AZIENDA USL TOSCANA SUD-EST;42412D;PRESIDIO DISTRETTUALE ROSIA   ;Pubblico;"VIA DELLE SCUOLE, 1           ";"53010";"052034";SOVICILLE                               ;SI;"0577536306";WWW.USLSUDEST.TOSCANA.IT;1
"2019";"090";TOSCANA              ;"203";"203";AZIENDA USL TOSCANA SUD-EST;42912D;PRESIDIO DIST.LE MONTERONI    ;Pubblico;"VIA DON MINZONI, 76           ";"53014";"052017";MONTERONI D'ARBIA                       ;SI;"0577536606";WWW.USLSUDEST.TOSCANA.IT;1
"2019";"090";TOSCANA              ;"203";"203";AZIENDA USL TOSCANA SUD-EST;43612D;PRESIDIO DIST.LE S.QUIRICO    ;Pubblico;PIAZZA IV NOVEMBRE SN         ;"53027";"052030";SAN QUIRICO D'ORCIA                     ;SI;"0577782427";HTTP://WWW.USLSUDEST.TOSCANA.IT;1
"2019";"090";TOSCANA              ;"203";"203";AZIENDA USL TOSCANA SUD-EST;43812D;PRESIDIO DISTRETTUALE ASCIANO ;Pubblico;"VIA DEI MOLINI, 5             ";"53040";"052002";ASCIANO                                 ;SI;"0577536716";HTTP://WWW.USLSUDEST.TOSCANA.IT;1
"2019";"090";TOSCANA              ;"203";"203";AZIENDA USL TOSCANA SUD-EST;43912D;PRESIDIO DISTRETTUALE RAPOLANO;Pubblico;VIA PIETRO NENNI              ;"53040";"052026";RAPOLANO TERME                          ;SI;"0577536554";HTTP://WWW.USLSUDEST.TOSCANA.IT;1
"2019";"090";TOSCANA              ;"203";"203";AZIENDA USL TOSCANA SUD-EST;44112D;PRES.DIST.LE CASTELNUOVO B.GA ;Pubblico;VIA DELLE CRETE SENESI        ;"53040";"052006";CASTELNUOVO BERARDENGA                  ;SI;"0577536344";HTTP://WWW.USLSUDEST.TOSCANA.IT;1
"2019";"090";TOSCANA              ;"203";"203";AZIENDA USL TOSCANA SUD-EST;44312D;PRES.DIST.LE GAIOLE IN CHIANTI;Pubblico;"VIA TITO GRADI, 1             ";"53013";"052013";GAIOLE IN CHIANTI                       ;SI;"0577536595";HTTP://WWW.USLSUDEST.TOSCANA.IT;1
"2019";"090";TOSCANA              ;"203";"203";AZIENDA USL TOSCANA SUD-EST;44612D;PRES.DIST.LE CASTELLINA SCALO ;Pubblico;"VIA 8 MARZO, 72               ";"53035";"052016";MONTERIGGIONI                           ;SI;"0577536574";HTTP://WWW.USLSUDEST.TOSCANA.IT;1
"2019";"090";TOSCANA              ;"203";"203";AZIENDA USL TOSCANA SUD-EST;45712D;CONSULTORIO BADIA AL PINO     ;Pubblico;VIA PRATOMAGNO 2              ;"52041";"051016";CIVITELLA IN VAL DI CHIANA              ;AR;"0575254899";HTTP://WWW.USLSUDEST.TOSCANA.IT;1
"2019";"090";TOSCANA              ;"203";"203";AZIENDA USL TOSCANA SUD-EST;46412D;CONSULTORIO MONTE SAN SAVINO  ;Pubblico;L.GO OSPEDALE 1               ;"52048";"051025";MONTE SAN SAVINO                        ;AR;"0575255908";HTTP://WWW.USLSUDEST.TOSCANA.IT;1
"2019";"090";TOSCANA              ;"203";"203";AZIENDA USL TOSCANA SUD-EST;47511A;PRES.SANIT.S.MARIA DELLA CROCE;Pubblico;"VIA PRATO OSPEDALE, 6         ";"53024";"052037";MONTALCINO;SI;"0577535669";HTTP://WWW.USLSUDEST.TOSCANA.IT;1
"2019";"090";TOSCANA              ;"203";"203";AZIENDA USL TOSCANA SUD-EST;48012D;CONSULTORIO SUBBIANO          ;Pubblico;VIALE MATTEOTTI 27            ;"52010";"051037";SUBBIANO                                ;AR;"0575255891";HTTP://WWW.USLSUDEST.TOSCANA.IT;1
"2019";"090";TOSCANA              ;"203";"203";AZIENDA USL TOSCANA SUD-EST;49012D;CONSULTORIO GIOVANI SIENA     ;Pubblico;"VIA DON MINZONI, 43           ";"53100";"052032";SIENA                                   ;SI;"0577536154";HTTP://WWW.USLSUDEST.TOSCANA.IT;2
"2019";"090";TOSCANA              ;"203";"203";AZIENDA USL TOSCANA SUD-EST;57312D;CONSULTORIO VALDARNO          ;Pubblico;VIA 3 NOVEMBRE 18             ;"52027";"051033";SAN GIOVANNI VALDARNO                   ;AR;"0559016457";HTTP://WWW.USLSUDEST.TOSCANA.IT;1
"2019";"090";TOSCANA              ;"203";"203";AZIENDA USL TOSCANA SUD-EST;G1012D;PRESIDIO DI CAPALBIO          ;Pubblico;VIA NUOVA                     ;"58011";"053003";CAPALBIO                                ;GR;"0564896019";WWW.USLSUDEST.TOSCANA.IT;1
"2019";"090";TOSCANA              ;"203";"203";AZIENDA USL TOSCANA SUD-EST;G1212D;CONSULTORIO DI MONTIERI       ;Pubblico;VIA GUARNELLUCCIA             ;"58026";"053017";MONTIERI                                ;GR;"0566997690";WWW.USLSUDEST.TOSCANA.IT;1
